date,USD,CHF
2010-01-04,1.4389,1.4873
2010-01-05,1.4442,1.4856
2010-01-06,1.435,1.4823
2010-01-07,1.4304,1.4832
2010-01-08,1.4273,1.4815
2010-01-11,1.4528,1.4755
2010-01-12,1.4481,1.4743
2010-01-13,1.4563,1.4788
2010-01-14,1.4486,1.4804
2010-01-15,1.4374,1.4756
2010-01-18,1.4369,1.4745
2010-01-19,1.4279,1.476
2010-01-20,1.4132,1.4763
2010-01-21,1.4064,1.4723
2010-01-22,1.4135,1.4708
2010-01-25,1.4151,1.4728
2010-01-26,1.4085,1.4723
2010-01-27,1.4072,1.4721
2010-01-28,1.3999,1.4725
2010-01-29,1.3966,1.4662
2010-02-01,1.3913,1.4725
2010-02-02,1.3937,1.4733
2010-02-03,1.3984,1.4738
2010-02-04,1.3847,1.469
2010-02-05,1.3691,1.4682
2010-02-08,1.3675,1.4659
2010-02-09,1.376,1.4672
2010-02-10,1.374,1.4658
2010-02-11,1.3718,1.4663
2010-02-12,1.3572,1.465
2010-02-15,1.3607,1.4661
2010-02-16,1.3649,1.4678
2010-02-17,1.3726,1.4679
2010-02-18,1.3567,1.4651
2010-02-19,1.3519,1.4658
2010-02-22,1.3626,1.4649
2010-02-23,1.3577,1.4667
2010-02-24,1.3547,1.4641
2010-02-25,1.3489,1.4633
2010-02-26,1.357,1.4638
2010-03-01,1.3525,1.4644
2010-03-02,1.3548,1.4628
2010-03-03,1.3641,1.4629
2010-03-04,1.3668,1.4632
2010-03-05,1.3582,1.4632
2010-03-08,1.3662,1.4628
2010-03-09,1.3557,1.4626
2010-03-10,1.361,1.4618
2010-03-11,1.3657,1.4622
2010-03-12,1.3765,1.4597
2010-03-15,1.3705,1.4527
2010-03-16,1.3723,1.4516
2010-03-17,1.3756,1.4511
2010-03-18,1.366,1.4474
2010-03-19,1.3548,1.4374
2010-03-22,1.3471,1.4348
2010-03-23,1.3519,1.4321
2010-03-24,1.3338,1.4282
2010-03-25,1.3356,1.428
2010-03-26,1.3353,1.4286
2010-03-29,1.3471,1.4329
2010-03-30,1.3482,1.4316
2010-03-31,1.3479,1.4276
2010-04-01,1.3468,1.4179
2010-04-06,1.3396,1.4325
2010-04-07,1.334,1.4321
2010-04-08,1.3296,1.4324
2010-04-09,1.3384,1.4364
2010-04-12,1.3585,1.4393
2010-04-13,1.3583,1.437
2010-04-14,1.3615,1.4368
2010-04-15,1.3544,1.4343
2010-04-16,1.3535,1.4338
2010-04-19,1.3432,1.4345
2010-04-20,1.3486,1.4334
2010-04-21,1.3373,1.4329
2010-04-22,1.3339,1.4325
2010-04-23,1.3311,1.4355
2010-04-26,1.3321,1.4341
2010-04-27,1.329,1.4353
2010-04-28,1.3245,1.4341
2010-04-29,1.3256,1.4348
2010-04-30,1.3315,1.4341
2010-05-03,1.3238,1.4328
2010-05-04,1.3089,1.4325
2010-05-05,1.2924,1.4325
2010-05-06,1.2727,1.4132
2010-05-07,1.2746,1.4144
2010-05-10,1.2969,1.4248
2010-05-11,1.2698,1.4095
2010-05-12,1.2686,1.4062
2010-05-13,1.2587,1.4011
2010-05-14,1.2492,1.402
2010-05-17,1.2349,1.4014
2010-05-18,1.2428,1.4028
2010-05-19,1.227,1.4043
2010-05-20,1.2334,1.4179
2010-05-21,1.2497,1.4408
2010-05-24,1.236,1.4339
2010-05-25,1.2223,1.4244
2010-05-26,1.2309,1.4206
2010-05-27,1.2255,1.4164
2010-05-28,1.2384,1.4258
2010-05-31,1.2307,1.423
2010-06-01,1.2155,1.4183
2010-06-02,1.2218,1.4148
2010-06-03,1.2268,1.4149
2010-06-04,1.206,1.3951
2010-06-07,1.1959,1.3911
2010-06-08,1.1942,1.3793
2010-06-09,1.201,1.3762
2010-06-10,1.2045,1.3788
2010-06-11,1.2127,1.3893
2010-06-14,1.2249,1.391
2010-06-15,1.2258,1.3998
2010-06-16,1.2277,1.3888
2010-06-17,1.2363,1.3778
2010-06-18,1.2372,1.3745
2010-06-21,1.2391,1.3738
2010-06-22,1.2258,1.3622
2010-06-23,1.2271,1.3611
2010-06-24,1.2262,1.3555
2010-06-25,1.2294,1.3533
2010-06-28,1.2339,1.3387
2010-06-29,1.2198,1.3258
2010-06-30,1.2271,1.3283
2010-07-01,1.2328,1.3178
2010-07-02,1.2548,1.3376
2010-07-05,1.2531,1.3325
2010-07-06,1.2579,1.3373
2010-07-07,1.2567,1.3312
2010-07-08,1.266,1.3321
2010-07-09,1.2637,1.3331
2010-07-12,1.2572,1.3349
2010-07-13,1.2569,1.3337
2010-07-14,1.2703,1.3428
2010-07-15,1.2828,1.342
2010-07-16,1.3,1.3543
2010-07-19,1.2957,1.364
2010-07-20,1.2844,1.3537
2010-07-21,1.2817,1.344
2010-07-22,1.285,1.3418
2010-07-23,1.2897,1.3488
2010-07-26,1.2931,1.3574
2010-07-27,1.3033,1.3775
2010-07-28,1.2992,1.376
2010-07-29,1.3069,1.366
2010-07-30,1.3028,1.3541
2010-08-02,1.3073,1.366
2010-08-03,1.3221,1.3712
2010-08-04,1.3206,1.373
2010-08-05,1.3184,1.382
2010-08-06,1.3176,1.383
2010-08-09,1.3253,1.3771
2010-08-10,1.3133,1.3895
2010-08-11,1.3016,1.3695
2010-08-12,1.279,1.3492
2010-08-13,1.2799,1.3488
2010-08-16,1.282,1.335
2010-08-17,1.286,1.3411
2010-08-18,1.288,1.3423
2010-08-19,1.2836,1.3331
2010-08-20,1.2711,1.3151
2010-08-23,1.2704,1.316
2010-08-24,1.2611,1.3156
2010-08-25,1.2613,1.2994
2010-08-26,1.2693,1.3027
2010-08-27,1.2713,1.3004
2010-08-30,1.27,1.3055
2010-08-31,1.268,1.2935
2010-09-01,1.28,1.2967
2010-09-02,1.2818,1.2953
2010-09-03,1.2834,1.3043
2010-09-06,1.2874,1.307
2010-09-07,1.2744,1.2903
2010-09-08,1.2697,1.2837
2010-09-09,1.2715,1.2859
2010-09-10,1.2725,1.302
2010-09-13,1.2801,1.2991
2010-09-14,1.285,1.2911
2010-09-15,1.2989,1.3019
2010-09-16,1.3078,1.3225
2010-09-17,1.306,1.321
2010-09-20,1.3074,1.316
2010-09-21,1.312,1.3156
2010-09-22,1.3364,1.3217
2010-09-23,1.3323,1.3138
2010-09-24,1.3412,1.3163
2010-09-27,1.3477,1.3257
2010-09-28,1.346,1.3272
2010-09-29,1.3611,1.3295
2010-09-30,1.3648,1.3287
2010-10-01,1.3726,1.3423
2010-10-04,1.3705,1.3327
2010-10-05,1.378,1.3348
2010-10-06,1.3856,1.3361
2010-10-07,1.397,1.3415
2010-10-08,1.3874,1.342
2010-10-11,1.3936,1.3412
2010-10-12,1.3833,1.3298
2010-10-13,1.3958,1.3352
2010-10-14,1.4101,1.3386
2010-10-15,1.4089,1.3423
2010-10-18,1.3896,1.3359
2010-10-19,1.3859,1.3405
2010-10-20,1.3861,1.3355
2010-10-21,1.4016,1.3493
2010-10-22,1.3934,1.3533
2010-10-25,1.4031,1.3618
2010-10-26,1.3912,1.3558
2010-10-27,1.3803,1.3639
2010-10-28,1.3857,1.3668
2010-10-29,1.3857,1.3708
2010-11-01,1.3926,1.3756
2010-11-02,1.4018,1.3766
2010-11-03,1.4014,1.3761
2010-11-04,1.4244,1.3782
2010-11-05,1.4084,1.3546
2010-11-08,1.3917,1.3435
2010-11-09,1.3945,1.342
2010-11-10,1.377,1.3402
2010-11-11,1.37,1.3282
2010-11-12,1.3711,1.3357
2010-11-15,1.3626,1.3428
2010-11-16,1.3612,1.3408
2010-11-17,1.3481,1.3426
2010-11-18,1.3647,1.3475
2010-11-19,1.3674,1.3607
2010-11-22,1.3647,1.3505
2010-11-23,1.3496,1.3338
2010-11-24,1.3339,1.3276
2010-11-25,1.3321,1.3326
2010-11-26,1.3225,1.3252
2010-11-29,1.3146,1.3186
2010-11-30,1.2998,1.299
2010-12-01,1.3115,1.3178
2010-12-02,1.3155,1.316
2010-12-03,1.3246,1.3143
2010-12-06,1.328,1.3084
2010-12-07,1.3363,1.3062
2010-12-08,1.32,1.306
2010-12-09,1.3214,1.306
2010-12-10,1.3244,1.2998
2010-12-13,1.3267,1.2987
2010-12-14,1.3435,1.2916
2010-12-15,1.336,1.2826
2010-12-16,1.3238,1.2849
2010-12-17,1.326,1.2738
2010-12-20,1.3147,1.2698
2010-12-21,1.3155,1.2613
2010-12-22,1.3112,1.2502
2010-12-23,1.3064,1.2553
2010-12-24,1.3099,1.2618
2010-12-27,1.3136,1.2626
2010-12-28,1.3195,1.2513
2010-12-29,1.3136,1.2483
2010-12-30,1.328,1.2475
2010-12-31,1.3362,1.2504
2011-01-03,1.3348,1.2465
2011-01-04,1.3421,1.2669
2011-01-05,1.3213,1.2617
2011-01-06,1.3091,1.2677
2011-01-07,1.2961,1.2512
2011-01-10,1.2903,1.2459
2011-01-11,1.2948,1.2538
2011-01-12,1.2973,1.2622
2011-01-13,1.3199,1.2823
2011-01-14,1.3349,1.2915
2011-01-17,1.3311,1.2854
2011-01-18,1.3371,1.2812
2011-01-19,1.3506,1.2964
2011-01-20,1.3472,1.2873
2011-01-21,1.3521,1.3013
2011-01-24,1.3571,1.2989
2011-01-25,1.3596,1.2871
2011-01-26,1.3681,1.2922
2011-01-27,1.3716,1.294
2011-01-28,1.371,1.2942
2011-01-31,1.3692,1.2891
2011-02-01,1.3755,1.2954
2011-02-02,1.3803,1.2922
2011-02-03,1.3745,1.2987
2011-02-04,1.3631,1.2954
2011-02-07,1.3553,1.2953
2011-02-08,1.3635,1.303
2011-02-09,1.3647,1.3152
2011-02-10,1.3604,1.3105
2011-02-11,1.3524,1.3163
2011-02-14,1.344,1.3065
2011-02-15,1.351,1.3124
2011-02-16,1.351,1.3073
2011-02-17,1.356,1.2973
2011-02-18,1.3627,1.2973
2011-02-21,1.3668,1.296
2011-02-22,1.3667,1.2844
2011-02-23,1.3731,1.2853
2011-02-24,1.3773,1.2748
2011-02-25,1.3762,1.2799
2011-02-28,1.3834,1.284
2011-03-01,1.3825,1.2849
2011-03-02,1.3809,1.2799
2011-03-03,1.385,1.2844
2011-03-04,1.3957,1.3
2011-03-07,1.4028,1.296
2011-03-08,1.3898,1.2949
2011-03-09,1.3928,1.292
2011-03-10,1.3817,1.2914
2011-03-11,1.3773,1.2842
2011-03-14,1.3948,1.2941
2011-03-15,1.3884,1.2756
2011-03-16,1.3951,1.2755
2011-03-17,1.4004,1.2625
2011-03-18,1.413,1.2758
2011-03-21,1.4194,1.2836
2011-03-22,1.4211,1.2843
2011-03-23,1.4136,1.2746
2011-03-24,1.4128,1.2817
2011-03-25,1.4115,1.2915
2011-03-28,1.4032,1.2908
2011-03-29,1.4066,1.2957
2011-03-30,1.409,1.2993
2011-03-31,1.4207,1.3005
2011-04-01,1.4141,1.3059
2011-04-04,1.424,1.313
2011-04-05,1.4166,1.3091
2011-04-06,1.43,1.3097
2011-04-07,1.4283,1.3118
2011-04-08,1.4401,1.3163
2011-04-11,1.4434,1.3129
2011-04-12,1.447,1.3017
2011-04-13,1.4493,1.2995
2011-04-14,1.4401,1.2879
2011-04-15,1.445,1.2897
2011-04-18,1.4275,1.2821
2011-04-19,1.4302,1.2842
2011-04-20,1.4515,1.2944
2011-04-21,1.4584,1.2851
2011-04-26,1.4617,1.283
2011-04-27,1.4668,1.2886
2011-04-28,1.4794,1.2954
2011-04-29,1.486,1.2867
2011-05-02,1.4837,1.2856
2011-05-03,1.478,1.278
2011-05-04,1.4882,1.2826
2011-05-05,1.4814,1.273
2011-05-06,1.4501,1.2668
2011-05-09,1.4397,1.2617
2011-05-10,1.4358,1.2602
2011-05-11,1.4357,1.2661
2011-05-12,1.4153,1.2584
2011-05-13,1.428,1.2667
2011-05-16,1.4143,1.2542
2011-05-17,1.4171,1.2553
2011-05-18,1.4227,1.2545
2011-05-19,1.4265,1.2616
2011-05-20,1.4237,1.2477
2011-05-23,1.402,1.238
2011-05-24,1.4089,1.2405
2011-05-25,1.4069,1.2324
2011-05-26,1.4168,1.2343
2011-05-27,1.4265,1.2221
2011-05-30,1.4272,1.2147
2011-05-31,1.4385,1.2275
2011-06-01,1.4408,1.2182
2011-06-02,1.446,1.2167
2011-06-03,1.4488,1.2197
2011-06-06,1.4596,1.2235
2011-06-07,1.4652,1.2237
2011-06-08,1.4608,1.2224
2011-06-09,1.4614,1.2242
2011-06-10,1.4486,1.219
2011-06-13,1.4354,1.2023
2011-06-14,1.4448,1.2116
2011-06-15,1.4292,1.2164
2011-06-16,1.4088,1.1958
2011-06-17,1.427,1.2103
2011-06-20,1.4235,1.2039
2011-06-21,1.4373,1.2127
2011-06-22,1.4397,1.2109
2011-06-23,1.4212,1.1963
2011-06-24,1.422,1.1902
2011-06-27,1.4205,1.1849
2011-06-28,1.4261,1.1884
2011-06-29,1.4425,1.2036
2011-06-30,1.4453,1.2071
2011-07-01,1.4488,1.2267
2011-07-04,1.45,1.2324
2011-07-05,1.4461,1.2213
2011-07-06,1.4318,1.2059
2011-07-07,1.4247,1.205
2011-07-08,1.4242,1.2102
2011-07-11,1.4056,1.1715
2011-07-12,1.3975,1.165
2011-07-13,1.4073,1.1695
2011-07-14,1.4202,1.1575
2011-07-15,1.4146,1.1577
2011-07-18,1.4045,1.1485
2011-07-19,1.416,1.1607
2011-07-20,1.4207,1.1652
2011-07-21,1.4222,1.169
2011-07-22,1.4391,1.1789
2011-07-25,1.438,1.1563
2011-07-26,1.4471,1.163
2011-07-27,1.4446,1.1586
2011-07-28,1.426,1.1437
2011-07-29,1.426,1.1418
2011-08-01,1.4415,1.127
2011-08-02,1.417,1.1049
2011-08-03,1.43,1.1022
2011-08-04,1.4229,1.1012
2011-08-05,1.4155,1.0847
2011-08-08,1.4225,1.0849
2011-08-09,1.4267,1.0594
2011-08-10,1.4367,1.0451
2011-08-11,1.4143,1.0499
2011-08-12,1.425,1.0984
2011-08-15,1.4309,1.1334
2011-08-16,1.436,1.1195
2011-08-17,1.4477,1.1402
2011-08-18,1.4369,1.141
2011-08-19,1.4385,1.134
2011-08-22,1.4413,1.1341
2011-08-23,1.4462,1.141
2011-08-24,1.4433,1.1403
2011-08-25,1.4424,1.1466
2011-08-26,1.4402,1.1458
2011-08-29,1.4487,1.1824
2011-08-30,1.4402,1.1835
2011-08-31,1.445,1.167
2011-09-01,1.4285,1.1417
2011-09-02,1.4255,1.1132
2011-09-05,1.4126,1.1111
2011-09-06,1.4099,1.2036
2011-09-07,1.4036,1.2052
2011-09-08,1.4044,1.2135
2011-09-09,1.3817,1.2165
2011-09-12,1.3656,1.2055
2011-09-13,1.3645,1.2037
2011-09-14,1.3729,1.2033
2011-09-15,1.3795,1.2062
2011-09-16,1.376,1.2058
2011-09-19,1.3641,1.2061
2011-09-20,1.371,1.2064
2011-09-21,1.3636,1.2208
2011-09-22,1.3448,1.2275
2011-09-23,1.343,1.2195
2011-09-26,1.35,1.2206
2011-09-27,1.3579,1.2232
2011-09-28,1.3631,1.2205
2011-09-29,1.3615,1.2207
2011-09-30,1.3503,1.217
2011-10-03,1.3327,1.214
2011-10-04,1.3181,1.2169
2011-10-05,1.3337,1.2265
2011-10-06,1.3269,1.2316
2011-10-07,1.3434,1.2365
2011-10-10,1.3593,1.2326
2011-10-11,1.3607,1.238
2011-10-12,1.3766,1.2367
2011-10-13,1.3727,1.2335
2011-10-14,1.3807,1.2388
2011-10-17,1.3776,1.2365
2011-10-18,1.3676,1.2348
2011-10-19,1.3828,1.2428
2011-10-20,1.3807,1.2362
2011-10-21,1.3798,1.2307
2011-10-24,1.3856,1.228
2011-10-25,1.3918,1.2253
2011-10-26,1.3927,1.2193
2011-10-27,1.4038,1.2213
2011-10-28,1.416,1.2211
2011-10-31,1.4001,1.2191
2011-11-01,1.3627,1.2174
2011-11-02,1.3809,1.2166
2011-11-03,1.3773,1.2156
2011-11-04,1.3773,1.2217
2011-11-07,1.3742,1.2342
2011-11-08,1.3788,1.2382
2011-11-09,1.3633,1.2322
2011-11-10,1.3616,1.2315
2011-11-11,1.365,1.236
2011-11-14,1.3659,1.2368
2011-11-15,1.3532,1.2405
2011-11-16,1.3484,1.2384
2011-11-17,1.348,1.2387
2011-11-18,1.3576,1.2378
2011-11-21,1.3458,1.2375
2011-11-22,1.3535,1.235
2011-11-23,1.3387,1.2305
2011-11-24,1.3373,1.2268
2011-11-25,1.3229,1.2253
2011-11-28,1.3348,1.2309
2011-11-29,1.3336,1.2282
2011-11-30,1.3418,1.2265
2011-12-01,1.3492,1.2264
2011-12-02,1.3511,1.2343
2011-12-05,1.3442,1.2379
2011-12-06,1.3394,1.2388
2011-12-07,1.3377,1.2413
2011-12-08,1.341,1.2373
2011-12-09,1.3384,1.2332
2011-12-12,1.3251,1.2349
2011-12-13,1.3181,1.2345
2011-12-14,1.2993,1.2317
2011-12-15,1.3019,1.2261
2011-12-16,1.3064,1.2249
2011-12-19,1.3039,1.219
2011-12-20,1.3074,1.2192
2011-12-21,1.3054,1.219
2011-12-22,1.3047,1.2232
2011-12-23,1.3057,1.2221
2011-12-27,1.3069,1.221
2011-12-28,1.3074,1.2196
2011-12-29,1.2889,1.2186
2011-12-30,1.2939,1.2156
2012-01-02,1.2935,1.2155
2012-01-03,1.3014,1.2183
2012-01-04,1.2948,1.2196
2012-01-05,1.2832,1.2187
2012-01-06,1.2776,1.2177
2012-01-09,1.2728,1.2139
2012-01-10,1.2808,1.2136
2012-01-11,1.2718,1.212
2012-01-12,1.2736,1.2112
2012-01-13,1.2771,1.21
2012-01-16,1.2669,1.2093
2012-01-17,1.279,1.209
2012-01-18,1.2831,1.2088
2012-01-19,1.2911,1.2076
2012-01-20,1.2902,1.2077
2012-01-23,1.3017,1.2061
2012-01-24,1.3003,1.2065
2012-01-25,1.2942,1.2075
2012-01-26,1.3145,1.2071
2012-01-27,1.3145,1.2078
2012-01-30,1.311,1.2046
2012-01-31,1.3176,1.2048
2012-02-01,1.3175,1.2048
2012-02-02,1.3094,1.2048
2012-02-03,1.316,1.205
2012-02-06,1.3042,1.2067
2012-02-07,1.3113,1.2087
2012-02-08,1.3274,1.2114
2012-02-09,1.3288,1.2103
2012-02-10,1.3189,1.2098
2012-02-13,1.3254,1.209
2012-02-14,1.3169,1.2075
2012-02-15,1.3092,1.2073
2012-02-16,1.2982,1.2072
2012-02-17,1.3159,1.2083
2012-02-20,1.3266,1.2075
2012-02-21,1.3222,1.2073
2012-02-22,1.323,1.2072
2012-02-23,1.33,1.2053
2012-02-24,1.3412,1.2048
2012-02-27,1.3388,1.2052
2012-02-28,1.3454,1.205
2012-02-29,1.3443,1.2051
2012-03-01,1.3312,1.2052
2012-03-02,1.3217,1.2062
2012-03-05,1.322,1.2061
2012-03-06,1.3153,1.2055
2012-03-07,1.312,1.2052
2012-03-08,1.3242,1.205
2012-03-09,1.3191,1.2053
2012-03-12,1.3119,1.2056
2012-03-13,1.3057,1.206
2012-03-14,1.3062,1.211
2012-03-15,1.3057,1.2096
2012-03-16,1.3116,1.207
2012-03-19,1.315,1.2067
2012-03-20,1.3198,1.2059
2012-03-21,1.3225,1.2058
2012-03-22,1.3167,1.2055
2012-03-23,1.3242,1.2054
2012-03-26,1.3276,1.2054
2012-03-27,1.3333,1.2056
2012-03-28,1.3337,1.2063
2012-03-29,1.3272,1.2051
2012-03-30,1.3356,1.2045
2012-04-02,1.3319,1.2044
2012-04-03,1.3315,1.2035
2012-04-04,1.3142,1.2038
2012-04-05,1.3068,1.2025
2012-04-10,1.3114,1.2027
2012-04-11,1.3131,1.2011
2012-04-12,1.3153,1.2027
2012-04-13,1.3148,1.2017
2012-04-16,1.3024,1.2025
2012-04-17,1.3132,1.2018
2012-04-18,1.3093,1.2032
2012-04-19,1.3086,1.2021
2012-04-20,1.3192,1.2017
2012-04-23,1.3131,1.2018
2012-04-24,1.3161,1.2021
2012-04-25,1.3206,1.2018
2012-04-26,1.3215,1.2016
2012-04-27,1.3229,1.2014
2012-04-30,1.3214,1.2018
2012-05-02,1.3131,1.2018
2012-05-03,1.3123,1.2014
2012-05-04,1.3132,1.2014
2012-05-07,1.3033,1.2012
2012-05-08,1.3025,1.2014
2012-05-09,1.295,1.201
2012-05-10,1.2961,1.2013
2012-05-11,1.2944,1.2012
2012-05-14,1.2863,1.201
2012-05-15,1.2843,1.201
2012-05-16,1.2738,1.2011
2012-05-17,1.2682,1.2011
2012-05-18,1.2721,1.2012
2012-05-21,1.275,1.2011
2012-05-22,1.2768,1.2011
2012-05-23,1.2659,1.2011
2012-05-24,1.2557,1.201
2012-05-25,1.2546,1.2014
2012-05-28,1.2566,1.2019
2012-05-29,1.2523,1.2015
2012-05-30,1.2438,1.201
2012-05-31,1.2403,1.201
2012-06-01,1.2322,1.2008
2012-06-04,1.2437,1.2009
2012-06-05,1.2429,1.201
2012-06-06,1.2485,1.2008
2012-06-07,1.2595,1.2011
2012-06-08,1.2468,1.2012
2012-06-11,1.2544,1.201
2012-06-12,1.2492,1.2012
2012-06-13,1.2534,1.2009
2012-06-14,1.2551,1.2008
2012-06-15,1.2596,1.201
2012-06-18,1.2618,1.201
2012-06-19,1.2619,1.2009
2012-06-20,1.2704,1.2009
2012-06-21,1.267,1.201
2012-06-22,1.2539,1.2009
2012-06-25,1.2488,1.2008
2012-06-26,1.2475,1.201
2012-06-27,1.2478,1.2011
2012-06-28,1.2418,1.201
2012-06-29,1.259,1.203
2012-07-02,1.2593,1.2015
2012-07-03,1.2575,1.2012
2012-07-04,1.256,1.2013
2012-07-05,1.2426,1.2012
2012-07-06,1.2377,1.2011
2012-07-09,1.2293,1.201
2012-07-10,1.2285,1.201
2012-07-11,1.226,1.201
2012-07-12,1.2178,1.201
2012-07-13,1.2185,1.2009
2012-07-16,1.2177,1.201
2012-07-17,1.2281,1.201
2012-07-18,1.2234,1.201
2012-07-19,1.2287,1.201
2012-07-20,1.22,1.2009
2012-07-23,1.2105,1.201
2012-07-24,1.2089,1.201
2012-07-25,1.2134,1.201
2012-07-26,1.226,1.201
2012-07-27,1.2317,1.201
2012-07-30,1.2246,1.201
2012-07-31,1.2284,1.2014
2012-08-01,1.2298,1.2013
2012-08-02,1.2346,1.2024
2012-08-03,1.2245,1.2012
2012-08-06,1.2379,1.2013
2012-08-07,1.2436,1.2015
2012-08-08,1.2336,1.2012
2012-08-09,1.2301,1.201
2012-08-10,1.2262,1.2009
2012-08-13,1.2339,1.201
2012-08-14,1.2352,1.201
2012-08-15,1.2276,1.2011
2012-08-16,1.2279,1.201
2012-08-17,1.2337,1.2011
2012-08-20,1.23,1.201
2012-08-21,1.2428,1.201
2012-08-22,1.2448,1.2009
2012-08-23,1.2552,1.201
2012-08-24,1.2507,1.2009
2012-08-27,1.253,1.201
2012-08-28,1.2548,1.201
2012-08-29,1.2545,1.201
2012-08-30,1.2544,1.2009
2012-08-31,1.2611,1.2009
2012-09-03,1.2568,1.2008
2012-09-04,1.2579,1.201
2012-09-05,1.2578,1.2014
2012-09-06,1.2638,1.2049
2012-09-07,1.2706,1.2128
2012-09-10,1.2776,1.209
2012-09-11,1.2787,1.2074
2012-09-12,1.2896,1.2083
2012-09-13,1.291,1.213
2012-09-14,1.3095,1.2162
2012-09-17,1.3086,1.216
2012-09-18,1.3054,1.2113
2012-09-19,1.3002,1.2095
2012-09-20,1.2954,1.2088
2012-09-21,1.2988,1.211
2012-09-24,1.2916,1.2095
2012-09-25,1.2932,1.2092
2012-09-26,1.2845,1.2088
2012-09-27,1.2874,1.2084
2012-09-28,1.293,1.2099
2012-10-01,1.2877,1.2095
2012-10-02,1.293,1.2102
2012-10-03,1.2904,1.2104
2012-10-04,1.2951,1.2123
2012-10-05,1.3002,1.2112
2012-10-08,1.2958,1.211
2012-10-09,1.2953,1.2111
2012-10-10,1.2889,1.211
2012-10-11,1.2918,1.2087
2012-10-12,1.297,1.2093
2012-10-15,1.2971,1.2091
2012-10-16,1.3046,1.2091
2012-10-17,1.312,1.2106
2012-10-18,1.3118,1.2094
2012-10-19,1.3035,1.2085
2012-10-22,1.3063,1.2097
2012-10-23,1.3005,1.2098
2012-10-24,1.2942,1.21
2012-10-25,1.2993,1.2097
2012-10-26,1.2908,1.209
2012-10-29,1.2898,1.2087
2012-10-30,1.2962,1.2085
2012-10-31,1.2993,1.2076
2012-11-01,1.2975,1.2072
2012-11-02,1.285,1.2073
2012-11-05,1.2777,1.2063
2012-11-06,1.28,1.2075
2012-11-07,1.2746,1.2065
2012-11-08,1.2736,1.2058
2012-11-09,1.2694,1.2054
2012-11-12,1.2735,1.2057
2012-11-13,1.2696,1.2046
2012-11-14,1.2726,1.204
2012-11-15,1.2756,1.2042
2012-11-16,1.2745,1.2042
2012-11-19,1.2762,1.2045
2012-11-20,1.2809,1.2049
2012-11-21,1.2805,1.2041
2012-11-22,1.2893,1.2045
2012-11-23,1.2909,1.205
2012-11-26,1.2964,1.2046
2012-11-27,1.2961,1.2043
2012-11-28,1.2891,1.2033
2012-11-29,1.2994,1.2043
2012-11-30,1.2986,1.2054
2012-12-03,1.3057,1.2087
2012-12-04,1.3092,1.2136
2012-12-05,1.3065,1.2128
2012-12-06,1.3072,1.2114
2012-12-07,1.2905,1.2077
2012-12-10,1.293,1.2068
2012-12-11,1.2993,1.2115
2012-12-12,1.304,1.2109
2012-12-13,1.3077,1.209
2012-12-14,1.3081,1.2089
2012-12-17,1.316,1.2082
2012-12-18,1.3178,1.208
2012-12-19,1.3302,1.2096
2012-12-20,1.3246,1.2079
2012-12-21,1.3209,1.2077
2012-12-24,1.3218,1.207
2012-12-27,1.3266,1.2082
2012-12-28,1.3183,1.208
2012-12-31,1.3194,1.2072
2013-01-02,1.3262,1.209
2013-01-03,1.3102,1.209
2013-01-04,1.3012,1.2092
2013-01-07,1.3039,1.2087
2013-01-08,1.3086,1.2092
2013-01-09,1.3056,1.2089
2013-01-10,1.3113,1.2104
2013-01-11,1.3274,1.2157
2013-01-14,1.3341,1.2243
2013-01-15,1.3327,1.2358
2013-01-16,1.3277,1.2359
2013-01-17,1.3368,1.2453
2013-01-18,1.3324,1.2446
2013-01-21,1.3323,1.2421
2013-01-22,1.3317,1.2383
2013-01-23,1.333,1.2385
2013-01-24,1.3349,1.2417
2013-01-25,1.3469,1.2444
2013-01-28,1.3444,1.2472
2013-01-29,1.3433,1.2416
2013-01-30,1.3541,1.2392
2013-01-31,1.355,1.2342
2013-02-01,1.3644,1.2351
2013-02-04,1.3552,1.235
2013-02-05,1.3537,1.2299
2013-02-06,1.3517,1.2348
2013-02-07,1.3546,1.2312
2013-02-08,1.3374,1.2282
2013-02-11,1.3391,1.2294
2013-02-12,1.3438,1.2328
2013-02-13,1.348,1.2365
2013-02-14,1.3327,1.2293
2013-02-15,1.3325,1.2303
2013-02-18,1.3352,1.2332
2013-02-19,1.3349,1.2332
2013-02-20,1.337,1.2347
2013-02-21,1.3186,1.229
2013-02-22,1.3186,1.2272
2013-02-25,1.3304,1.2305
2013-02-26,1.3077,1.2167
2013-02-27,1.3097,1.2177
2013-02-28,1.3129,1.2209
2013-03-01,1.3,1.2245
2013-03-04,1.3007,1.2256
2013-03-05,1.3034,1.2277
2013-03-06,1.3035,1.2301
2013-03-07,1.301,1.2318
2013-03-08,1.309,1.2355
2013-03-11,1.2994,1.236
2013-03-12,1.3053,1.2344
2013-03-13,1.2981,1.2319
2013-03-14,1.2937,1.2347
2013-03-15,1.3086,1.2308
2013-03-18,1.2929,1.2221
2013-03-19,1.2944,1.2218
2013-03-20,1.2945,1.2222
2013-03-21,1.291,1.2225
2013-03-22,1.2948,1.2212
2013-03-25,1.2935,1.2213
2013-03-26,1.2861,1.2209
2013-03-27,1.2768,1.2174
2013-03-28,1.2805,1.2195
2013-04-02,1.284,1.2159
2013-04-03,1.2828,1.2167
2013-04-04,1.2818,1.2155
2013-04-05,1.2944,1.2158
2013-04-08,1.3023,1.2168
2013-04-09,1.304,1.22
2013-04-10,1.3086,1.2183
2013-04-11,1.3119,1.2187
2013-04-12,1.3052,1.2167
2013-04-15,1.3081,1.2147
2013-04-16,1.3129,1.2163
2013-04-17,1.3129,1.2149
2013-04-18,1.3045,1.2164
2013-04-19,1.3115,1.2176
2013-04-22,1.3037,1.2188
2013-04-23,1.299,1.2219
2013-04-24,1.3006,1.2302
2013-04-25,1.308,1.2334
2013-04-26,1.2999,1.2273
2013-04-29,1.3113,1.2279
2013-04-30,1.3072,1.2238
2013-05-02,1.3191,1.2244
2013-05-03,1.3114,1.2235
2013-05-06,1.3107,1.228
2013-05-07,1.3107,1.2333
2013-05-08,1.3135,1.2336
2013-05-09,1.3142,1.229
2013-05-10,1.2988,1.243
2013-05-13,1.2973,1.2404
2013-05-14,1.2977,1.2416
2013-05-15,1.2864,1.2499
2013-05-16,1.289,1.2444
2013-05-17,1.2869,1.2449
2013-05-20,1.2853,1.246
2013-05-21,1.2866,1.2476
2013-05-22,1.2923,1.2599
2013-05-23,1.2888,1.2486
2013-05-24,1.2939,1.2466
2013-05-27,1.2939,1.2452
2013-05-28,1.2938,1.2533
2013-05-29,1.2952,1.248
2013-05-30,1.2944,1.2487
2013-05-31,1.3006,1.2406
2013-06-03,1.3008,1.2456
2013-06-04,1.3092,1.2397
2013-06-05,1.3067,1.2371
2013-06-06,1.3118,1.2357
2013-06-07,1.326,1.2273
2013-06-10,1.3209,1.2395
2013-06-11,1.3273,1.2305
2013-06-12,1.3277,1.2323
2013-06-13,1.3315,1.229
2013-06-14,1.3303,1.2322
2013-06-17,1.3337,1.2308
2013-06-18,1.3374,1.2315
2013-06-19,1.3406,1.2326
2013-06-20,1.32,1.2319
2013-06-21,1.318,1.2257
2013-06-24,1.3086,1.2241
2013-06-25,1.3134,1.2268
2013-06-26,1.3024,1.2262
2013-06-27,1.3032,1.2326
2013-06-28,1.308,1.2338
2013-07-01,1.3037,1.234
2013-07-02,1.3017,1.2354
2013-07-03,1.2959,1.2285
2013-07-04,1.2984,1.2328
2013-07-05,1.2883,1.2348
2013-07-08,1.285,1.2404
2013-07-09,1.2857,1.2452
2013-07-10,1.2813,1.244
2013-07-11,1.3044,1.2414
2013-07-12,1.3034,1.2388
2013-07-15,1.3012,1.2394
2013-07-16,1.3118,1.2371
2013-07-17,1.3136,1.234
2013-07-18,1.3093,1.237
2013-07-19,1.3123,1.2361
2013-07-22,1.3166,1.237
2013-07-23,1.318,1.2387
2013-07-24,1.3246,1.2388
2013-07-25,1.3202,1.2365
2013-07-26,1.326,1.2334
2013-07-29,1.327,1.233
2013-07-30,1.3284,1.2335
2013-07-31,1.3275,1.2317
2013-08-01,1.3236,1.2317
2013-08-02,1.3203,1.2383
2013-08-05,1.3257,1.2352
2013-08-06,1.328,1.2313
2013-08-07,1.3305,1.2321
2013-08-08,1.336,1.2307
2013-08-09,1.3373,1.231
2013-08-12,1.328,1.2327
2013-08-13,1.329,1.2358
2013-08-14,1.3243,1.2415
2013-08-15,1.3297,1.2427
2013-08-16,1.334,1.2354
2013-08-19,1.3344,1.2352
2013-08-20,1.3392,1.2323
2013-08-21,1.3384,1.231
2013-08-22,1.3323,1.2349
2013-08-23,1.3355,1.2358
2013-08-26,1.3361,1.2352
2013-08-27,1.3338,1.2293
2013-08-28,1.3347,1.229
2013-08-29,1.3266,1.2308
2013-08-30,1.3235,1.231
2013-09-02,1.3207,1.2317
2013-09-03,1.3172,1.2325
2013-09-04,1.3171,1.2345
2013-09-05,1.3202,1.239
2013-09-06,1.3117,1.2382
2013-09-09,1.3194,1.235
2013-09-10,1.324,1.2392
2013-09-11,1.3268,1.2395
2013-09-12,1.329,1.2368
2013-09-13,1.3295,1.2376
2013-09-16,1.3357,1.2374
2013-09-17,1.3356,1.2375
2013-09-18,1.3352,1.237
2013-09-19,1.3545,1.2333
2013-09-20,1.3514,1.233
2013-09-23,1.3508,1.2323
2013-09-24,1.3473,1.2295
2013-09-25,1.3504,1.2304
2013-09-26,1.3499,1.2288
2013-09-27,1.3537,1.2248
2013-09-30,1.3505,1.2225
2013-10-01,1.3554,1.2253
2013-10-02,1.3515,1.2241
2013-10-03,1.3594,1.2276
2013-10-04,1.3593,1.2271
2013-10-07,1.3572,1.2262
2013-10-08,1.3576,1.2284
2013-10-09,1.3515,1.2313
2013-10-10,1.3532,1.2311
2013-10-11,1.3566,1.2314
2013-10-14,1.3564,1.2334
2013-10-15,1.3493,1.2361
2013-10-16,1.3561,1.2341
2013-10-17,1.3662,1.2327
2013-10-18,1.3684,1.2343
2013-10-21,1.3667,1.2352
2013-10-22,1.3674,1.2355
2013-10-23,1.3752,1.2307
2013-10-24,1.3805,1.2303
2013-10-25,1.3777,1.2348
2013-10-28,1.3784,1.2343
2013-10-29,1.3768,1.2358
2013-10-30,1.3755,1.2347
2013-10-31,1.3641,1.2333
2013-11-01,1.3505,1.231
2013-11-04,1.3506,1.2321
2013-11-05,1.3494,1.2297
2013-11-06,1.3517,1.2321
2013-11-07,1.3365,1.2298
2013-11-08,1.3431,1.2302
2013-11-11,1.3394,1.2328
2013-11-12,1.3432,1.2328
2013-11-13,1.3415,1.2316
2013-11-14,1.3436,1.2332
2013-11-15,1.346,1.2346
2013-11-18,1.3517,1.2321
2013-11-19,1.3502,1.2333
2013-11-20,1.3527,1.2323
2013-11-21,1.3472,1.2318
2013-11-22,1.3518,1.2302
2013-11-25,1.3514,1.2311
2013-11-26,1.3547,1.2312
2013-11-27,1.3596,1.2305
2013-11-28,1.3592,1.2323
2013-11-29,1.3611,1.2298
2013-12-02,1.3536,1.2321
2013-12-03,1.3578,1.2287
2013-12-04,1.3592,1.2268
2013-12-05,1.3594,1.2262
2013-12-06,1.3661,1.2231
2013-12-09,1.3722,1.2231
2013-12-10,1.375,1.2214
2013-12-11,1.3767,1.2219
2013-12-12,1.3775,1.2211
2013-12-13,1.3727,1.2226
2013-12-16,1.3776,1.2212
2013-12-17,1.3749,1.2206
2013-12-18,1.3749,1.2211
2013-12-19,1.3667,1.2261
2013-12-20,1.3655,1.2263
2013-12-23,1.3702,1.2257
2013-12-24,1.3684,1.2243
2013-12-27,1.3814,1.2234
2013-12-30,1.3783,1.2259
2013-12-31,1.3791,1.2276
2014-01-02,1.3658,1.2307
2014-01-03,1.3634,1.2309
2014-01-06,1.3602,1.2319
2014-01-07,1.3641,1.2367
2014-01-08,1.3594,1.2383
2014-01-09,1.3612,1.2368
2014-01-10,1.3587,1.2342
2014-01-13,1.3654,1.2342
2014-01-14,1.3667,1.2334
2014-01-15,1.3606,1.2354
2014-01-16,1.3597,1.235
2014-01-17,1.3584,1.2332
2014-01-20,1.3566,1.2337
2014-01-21,1.3526,1.2357
2014-01-22,1.3566,1.2345
2014-01-23,1.3639,1.2317
2014-01-24,1.3687,1.2256
2014-01-27,1.3658,1.2267
2014-01-28,1.3649,1.2278
2014-01-29,1.3608,1.2255
2014-01-30,1.3574,1.2233
2014-01-31,1.3516,1.222
2014-02-03,1.3498,1.2226
2014-02-04,1.3519,1.2215
2014-02-05,1.3543,1.2222
2014-02-06,1.3495,1.2224
2014-02-07,1.3574,1.2237
2014-02-10,1.3638,1.2234
2014-02-11,1.3676,1.2235
2014-02-12,1.3573,1.2249
2014-02-13,1.3675,1.2216
2014-02-14,1.3707,1.2221
2014-02-17,1.3699,1.2221
2014-02-18,1.3731,1.2221
2014-02-19,1.3745,1.2214
2014-02-20,1.3706,1.2203
2014-02-21,1.3707,1.2195
2014-02-24,1.3735,1.2209
2014-02-25,1.3754,1.2193
2014-02-26,1.3726,1.2198
2014-02-27,1.3656,1.2161
2014-02-28,1.3813,1.2153
2014-03-03,1.3768,1.2129
2014-03-04,1.3768,1.2172
2014-03-05,1.3732,1.2186
2014-03-06,1.3745,1.219
2014-03-07,1.3894,1.2191
2014-03-10,1.3881,1.2192
2014-03-11,1.385,1.2175
2014-03-12,1.3887,1.2159
2014-03-13,1.3942,1.216
2014-03-14,1.3884,1.2124
2014-03-17,1.3906,1.2154
2014-03-18,1.3902,1.2162
2014-03-19,1.3913,1.2167
2014-03-20,1.3762,1.219
2014-03-21,1.378,1.2182
2014-03-24,1.3774,1.2197
2014-03-25,1.3789,1.2197
2014-03-26,1.3791,1.2216
2014-03-27,1.3758,1.2187
2014-03-28,1.3759,1.2186
2014-03-31,1.3788,1.2194
2014-04-01,1.379,1.2178
2014-04-02,1.3795,1.219
2014-04-03,1.3771,1.2209
2014-04-04,1.37,1.2235
2014-04-07,1.3723,1.2202
2014-04-08,1.3774,1.22
2014-04-09,1.3794,1.2184
2014-04-10,1.3867,1.218
2014-04-11,1.3872,1.2161
2014-04-14,1.3827,1.2154
2014-04-15,1.3803,1.2162
2014-04-16,1.384,1.2169
2014-04-17,1.3855,1.2175
2014-04-22,1.3817,1.2214
2014-04-23,1.3834,1.2198
2014-04-24,1.382,1.2203
2014-04-25,1.3831,1.2194
2014-04-28,1.3861,1.2181
2014-04-29,1.3826,1.22
2014-04-30,1.385,1.22
2014-05-02,1.3862,1.2189
2014-05-05,1.3874,1.2174
2014-05-06,1.3945,1.2169
2014-05-07,1.3927,1.2186
2014-05-08,1.3953,1.2178
2014-05-09,1.3781,1.2186
2014-05-12,1.3765,1.2211
2014-05-13,1.3703,1.2201
2014-05-14,1.3719,1.2199
2014-05-15,1.3659,1.2227
2014-05-16,1.3696,1.221
2014-05-19,1.3715,1.2228
2014-05-20,1.3702,1.2223
2014-05-21,1.3676,1.2216
2014-05-22,1.3668,1.2215
2014-05-23,1.363,1.221
2014-05-26,1.3635,1.221
2014-05-27,1.3638,1.2221
2014-05-28,1.3608,1.2225
2014-05-29,1.3612,1.221
2014-05-30,1.3607,1.2204
2014-06-02,1.3611,1.2214
2014-06-03,1.3645,1.2216
2014-06-04,1.3627,1.2204
2014-06-05,1.3567,1.22
2014-06-06,1.3642,1.2185
2014-06-09,1.3608,1.2193
2014-06-10,1.3547,1.2188
2014-06-11,1.3547,1.2179
2014-06-12,1.3528,1.2174
2014-06-13,1.3534,1.2178
2014-06-16,1.3532,1.2176
2014-06-17,1.3568,1.2188
2014-06-18,1.3563,1.218
2014-06-19,1.362,1.217
2014-06-20,1.3588,1.2169
2014-06-23,1.3596,1.2167
2014-06-24,1.3618,1.2173
2014-06-25,1.3615,1.2168
2014-06-26,1.3606,1.2164
2014-06-27,1.362,1.2162
2014-06-30,1.3658,1.2156
2014-07-01,1.3688,1.2138
2014-07-02,1.3656,1.2137
2014-07-03,1.3646,1.2147
2014-07-04,1.3588,1.216
2014-07-07,1.3592,1.2155
2014-07-08,1.3589,1.2155
2014-07-09,1.3603,1.2158
2014-07-10,1.3604,1.2143
2014-07-11,1.3595,1.2143
2014-07-14,1.3627,1.2139
2014-07-15,1.3613,1.2142
2014-07-16,1.3532,1.2156
2014-07-17,1.3525,1.2147
2014-07-18,1.3525,1.2144
2014-07-21,1.3518,1.2144
2014-07-22,1.3481,1.2151
2014-07-23,1.3465,1.215
2014-07-24,1.3472,1.2152
2014-07-25,1.344,1.2152
2014-07-28,1.3433,1.215
2014-07-29,1.3429,1.2152
2014-07-30,1.3401,1.2165
2014-07-31,1.3379,1.2169
2014-08-01,1.3395,1.2163
2014-08-04,1.3422,1.2167
2014-08-05,1.3382,1.2175
2014-08-06,1.3345,1.2152
2014-08-07,1.3368,1.215
2014-08-08,1.3388,1.2137
2014-08-11,1.3386,1.2134
2014-08-12,1.3346,1.2138
2014-08-13,1.336,1.2135
2014-08-14,1.3373,1.2124
2014-08-15,1.3388,1.2114
2014-08-18,1.3383,1.2107
2014-08-19,1.3354,1.2104
2014-08-20,1.3284,1.2106
2014-08-21,1.3262,1.2109
2014-08-22,1.3267,1.21
2014-08-25,1.32,1.2087
2014-08-26,1.3192,1.2086
2014-08-27,1.3177,1.2068
2014-08-28,1.3178,1.206
2014-08-29,1.3188,1.2061
2014-09-01,1.3133,1.2072
2014-09-02,1.3115,1.2072
2014-09-03,1.3151,1.2078
2014-09-04,1.3015,1.2055
2014-09-05,1.2948,1.2064
2014-09-08,1.2947,1.2069
2014-09-09,1.2902,1.206
2014-09-10,1.2929,1.2072
2014-09-11,1.2928,1.21
2014-09-12,1.2931,1.2089
2014-09-15,1.2911,1.2099
2014-09-16,1.2949,1.2085
2014-09-17,1.2956,1.2101
2014-09-18,1.2872,1.2086
2014-09-19,1.2852,1.2067
2014-09-22,1.2845,1.2069
2014-09-23,1.2892,1.2069
2014-09-24,1.2826,1.2077
2014-09-25,1.2712,1.2076
2014-09-26,1.2732,1.2071
2014-09-29,1.2701,1.2071
2014-09-30,1.2583,1.2063
2014-10-01,1.2603,1.2072
2014-10-02,1.2631,1.2085
2014-10-03,1.2616,1.2089
2014-10-06,1.2565,1.212
2014-10-07,1.2607,1.2115
2014-10-08,1.2645,1.2132
2014-10-09,1.2763,1.2107
2014-10-10,1.2638,1.2092
2014-10-13,1.2679,1.2077
2014-10-14,1.2646,1.2079
2014-10-15,1.2666,1.2072
2014-10-16,1.2749,1.2061
2014-10-17,1.2823,1.2074
2014-10-20,1.2773,1.2064
2014-10-21,1.2762,1.2068
2014-10-22,1.2693,1.2062
2014-10-23,1.2669,1.2067
2014-10-24,1.2659,1.206
2014-10-27,1.2679,1.206
2014-10-28,1.2748,1.2056
2014-10-29,1.2737,1.2059
2014-10-30,1.2598,1.2059
2014-10-31,1.2524,1.2067
2014-11-03,1.2493,1.2054
2014-11-04,1.2514,1.2055
2014-11-05,1.248,1.2043
2014-11-06,1.2517,1.2045
2014-11-07,1.2393,1.204
2014-11-10,1.2486,1.2028
2014-11-11,1.2424,1.2024
2014-11-12,1.2467,1.2023
2014-11-13,1.2456,1.2018
2014-11-14,1.2436,1.2015
2014-11-17,1.2496,1.2013
2014-11-18,1.2514,1.2013
2014-11-19,1.2535,1.2014
2014-11-20,1.2539,1.2014
2014-11-21,1.2422,1.2024
2014-11-24,1.241,1.2027
2014-11-25,1.2424,1.203
2014-11-26,1.2475,1.2026
2014-11-27,1.248,1.2022
2014-11-28,1.2483,1.2018
2014-12-01,1.2469,1.2028
2014-12-02,1.2424,1.204
2014-12-03,1.2331,1.2032
2014-12-04,1.2311,1.2035
2014-12-05,1.2362,1.2021
2014-12-08,1.2258,1.2023
2014-12-09,1.2369,1.2021
2014-12-10,1.2392,1.2024
2014-12-11,1.2428,1.2012
2014-12-12,1.245,1.201
2014-12-15,1.2426,1.2011
2014-12-16,1.2537,1.2009
2014-12-17,1.2448,1.201
2014-12-18,1.2285,1.2052
2014-12-19,1.2279,1.2039
2014-12-22,1.2259,1.2035
2014-12-23,1.2213,1.2032
2014-12-24,1.2219,1.2025
2014-12-29,1.2197,1.2028
2014-12-30,1.216,1.2028
2014-12-31,1.2141,1.2024
2015-01-02,1.2043,1.2022
2015-01-05,1.1915,1.2016
2015-01-06,1.1914,1.2014
2015-01-07,1.1831,1.2011
2015-01-08,1.1768,1.201
2015-01-09,1.1813,1.201
2015-01-12,1.1804,1.201
2015-01-13,1.1782,1.201
2015-01-14,1.1775,1.201
2015-01-15,1.1708,1.028
2015-01-16,1.1588,1.0128
2015-01-19,1.1605,1.012
2015-01-20,1.1579,1.0087
2015-01-21,1.1593,0.9997
2015-01-22,1.1618,0.9943
2015-01-23,1.1198,0.9816
2015-01-26,1.1244,1.0014
2015-01-27,1.1306,1.017
2015-01-28,1.1344,1.0242
2015-01-29,1.1315,1.0372
2015-01-30,1.1305,1.0468
2015-02-02,1.131,1.0519
2015-02-03,1.1376,1.0526
2015-02-04,1.1446,1.0602
2015-02-05,1.141,1.0587
2015-02-06,1.1447,1.0534
2015-02-09,1.1275,1.0428
2015-02-10,1.1297,1.0457
2015-02-11,1.1314,1.0465
2015-02-12,1.1328,1.0559
2015-02-13,1.1381,1.0576
2015-02-16,1.1408,1.0626
2015-02-17,1.1415,1.0631
2015-02-18,1.1372,1.0707
2015-02-19,1.1387,1.0796
2015-02-20,1.1298,1.0718
2015-02-23,1.1298,1.0727
2015-02-24,1.1328,1.0755
2015-02-25,1.1346,1.0773
2015-02-26,1.1317,1.0745
2015-02-27,1.124,1.0636
2015-03-02,1.1227,1.0724
2015-03-03,1.1168,1.0736
2015-03-04,1.1124,1.0694
2015-03-05,1.1069,1.0697
2015-03-06,1.0963,1.07
2015-03-09,1.086,1.0691
2015-03-10,1.0738,1.0703
2015-03-11,1.0578,1.0655
2015-03-12,1.0613,1.0636
2015-03-13,1.0572,1.0648
2015-03-16,1.0557,1.0615
2015-03-17,1.0635,1.066
2015-03-18,1.0592,1.0627
2015-03-19,1.0677,1.0595
2015-03-20,1.0776,1.0552
2015-03-23,1.0912,1.0561
2015-03-24,1.095,1.0491
2015-03-25,1.0985,1.0517
2015-03-26,1.0973,1.0498
2015-03-27,1.0856,1.0476
2015-03-30,1.0845,1.0439
2015-03-31,1.0759,1.0463
2015-04-01,1.0755,1.0426
2015-04-02,1.083,1.04
2015-04-07,1.0847,1.0438
2015-04-08,1.0862,1.0438
2015-04-09,1.0774,1.0447
2015-04-10,1.057,1.039
2015-04-13,1.0552,1.0373
2015-04-14,1.0564,1.0344
2015-04-15,1.0579,1.0321
2015-04-16,1.0711,1.0327
2015-04-17,1.0814,1.0297
2015-04-20,1.0723,1.0283
2015-04-21,1.07,1.0252
2015-04-22,1.0743,1.0323
2015-04-23,1.0772,1.0383
2015-04-24,1.0824,1.0338
2015-04-27,1.0822,1.0367
2015-04-28,1.0927,1.0464
2015-04-29,1.1002,1.0491
2015-04-30,1.1215,1.0486
2015-05-04,1.1152,1.0431
2015-05-05,1.1117,1.0376
2015-05-06,1.123,1.0374
2015-05-07,1.1305,1.0343
2015-05-08,1.1221,1.0385
2015-05-11,1.1142,1.0403
2015-05-12,1.1239,1.0396
2015-05-13,1.1221,1.041
2015-05-14,1.1419,1.0386
2015-05-15,1.1328,1.0463
2015-05-18,1.1389,1.0482
2015-05-19,1.118,1.042
2015-05-20,1.1118,1.0429
2015-05-21,1.1133,1.0394
2015-05-22,1.1164,1.0417
2015-05-25,1.0978,1.0349
2015-05-26,1.0926,1.0351
2015-05-27,1.0863,1.0331
2015-05-28,1.0896,1.0344
2015-05-29,1.097,1.0341
2015-06-01,1.0944,1.0331
2015-06-02,1.1029,1.0391
2015-06-03,1.1134,1.0427
2015-06-04,1.1317,1.0551
2015-06-05,1.1218,1.0478
2015-06-08,1.1162,1.047
2015-06-09,1.1249,1.0465
2015-06-10,1.1279,1.0486
2015-06-11,1.1232,1.0523
2015-06-12,1.122,1.0469
2015-06-15,1.1218,1.0512
2015-06-16,1.1215,1.0465
2015-06-17,1.1279,1.0451
2015-06-18,1.1404,1.0461
2015-06-19,1.1299,1.0449
2015-06-22,1.1345,1.0435
2015-06-23,1.1204,1.0449
2015-06-24,1.1213,1.0449
2015-06-25,1.1206,1.0507
2015-06-26,1.1202,1.0447
2015-06-29,1.1133,1.0376
2015-06-30,1.1189,1.0413
2015-07-01,1.11,1.0457
2015-07-02,1.1066,1.0507
2015-07-03,1.1096,1.0466
2015-07-06,1.1008,1.0422
2015-07-07,1.0931,1.0383
2015-07-08,1.1024,1.0463
2015-07-09,1.1054,1.0504
2015-07-10,1.1185,1.0464
2015-07-13,1.1049,1.0478
2015-07-14,1.1031,1.0422
2015-07-15,1.1009,1.0439
2015-07-16,1.0867,1.0407
2015-07-17,1.0889,1.0431
2015-07-20,1.0852,1.0443
2015-07-21,1.0867,1.044
2015-07-22,1.0902,1.0482
2015-07-23,1.0999,1.0517
2015-07-24,1.0939,1.0512
2015-07-27,1.1058,1.0595
2015-07-28,1.1025,1.0659
2015-07-29,1.103,1.0622
2015-07-30,1.0955,1.0633
2015-07-31,1.0967,1.0565
2015-08-03,1.0951,1.0598
2015-08-04,1.0973,1.064
2015-08-05,1.0883,1.0658
2015-08-06,1.0885,1.0713
2015-08-07,1.0941,1.0738
2015-08-10,1.096,1.08
2015-08-11,1.1055,1.0859
2015-08-12,1.1155,1.0864
2015-08-13,1.1109,1.0849
2015-08-14,1.1171,1.0875
2015-08-17,1.11,1.0841
2015-08-18,1.106,1.0798
2015-08-19,1.1041,1.0755
2015-08-20,1.1183,1.0772
2015-08-21,1.1281,1.0765
2015-08-24,1.1497,1.0777
2015-08-25,1.1506,1.0834
2015-08-26,1.1402,1.0778
2015-08-27,1.1284,1.0771
2015-08-28,1.1268,1.0807
2015-08-31,1.1215,1.0825
2015-09-01,1.1236,1.0825
2015-09-02,1.1255,1.0867
2015-09-03,1.1229,1.0903
2015-09-04,1.1138,1.0839
2015-09-07,1.1146,1.0871
2015-09-08,1.1162,1.092
2015-09-09,1.1139,1.0893
2015-09-10,1.1185,1.0923
2015-09-11,1.1268,1.1031
2015-09-14,1.1305,1.0979
2015-09-15,1.132,1.0971
2015-09-16,1.1228,1.0943
2015-09-17,1.1312,1.095
2015-09-18,1.1419,1.0913
2015-09-21,1.125,1.0906
2015-09-22,1.1155,1.086
2015-09-23,1.115,1.0882
2015-09-24,1.1241,1.0928
2015-09-25,1.1151,1.0922
2015-09-28,1.117,1.0941
2015-09-29,1.1204,1.0901
2015-09-30,1.1203,1.0915
2015-10-01,1.1153,1.0903
2015-10-02,1.116,1.0923
2015-10-05,1.1236,1.0938
2015-10-06,1.1224,1.0936
2015-10-07,1.1266,1.0882
2015-10-08,1.1254,1.0935
2015-10-09,1.1362,1.0919
2015-10-12,1.1373,1.0928
2015-10-13,1.1374,1.091
2015-10-14,1.141,1.0901
2015-10-15,1.1439,1.0873
2015-10-16,1.136,1.0809
2015-10-19,1.1333,1.0834
2015-10-20,1.1373,1.0823
2015-10-21,1.1354,1.0864
2015-10-22,1.1313,1.0886
2015-10-23,1.1084,1.0793
2015-10-26,1.1011,1.0823
2015-10-27,1.1061,1.088
2015-10-28,1.1085,1.0899
2015-10-29,1.093,1.0851
2015-10-30,1.1017,1.09
2015-11-02,1.1032,1.0885
2015-11-03,1.0976,1.0869
2015-11-04,1.0935,1.0813
2015-11-05,1.0883,1.0833
2015-11-06,1.0864,1.083
2015-11-09,1.0776,1.0815
2015-11-10,1.0711,1.0765
2015-11-11,1.0716,1.0783
2015-11-12,1.0726,1.0769
2015-11-13,1.0764,1.0786
2015-11-16,1.0723,1.0791
2015-11-17,1.067,1.0806
2015-11-18,1.0666,1.0838
2015-11-19,1.0687,1.0893
2015-11-20,1.0688,1.0844
2015-11-23,1.0631,1.0848
2015-11-24,1.0651,1.0832
2015-11-25,1.0586,1.082
2015-11-26,1.0612,1.0868
2015-11-27,1.058,1.09
2015-11-30,1.0579,1.0903
2015-12-01,1.06,1.0908
2015-12-02,1.0612,1.088
2015-12-03,1.0671,1.084
2015-12-04,1.0902,1.0882
2015-12-07,1.0809,1.083
2015-12-08,1.0875,1.082
2015-12-09,1.0941,1.083
2015-12-10,1.0943,1.0806
2015-12-11,1.095,1.0819
2015-12-14,1.0983,1.0771
2015-12-15,1.099,1.0831
2015-12-16,1.0933,1.0824
2015-12-17,1.0841,1.0807
2015-12-18,1.0836,1.0768
2015-12-21,1.087,1.0804
2015-12-22,1.0952,1.0818
2015-12-23,1.0916,1.0812
2015-12-24,1.0947,1.0806
2015-12-28,1.0962,1.0838
2015-12-29,1.0952,1.0846
2015-12-30,1.0926,1.0814
2015-12-31,1.0887,1.0835
2016-01-04,1.0898,1.0891
2016-01-05,1.0746,1.0847
2016-01-06,1.0742,1.0846
2016-01-07,1.0868,1.0875
2016-01-08,1.0861,1.086
2016-01-11,1.0888,1.0863
2016-01-12,1.0836,1.0855
2016-01-13,1.0816,1.0926
2016-01-14,1.0893,1.095
2016-01-15,1.0914,1.0951
2016-01-18,1.0892,1.0946
2016-01-19,1.0868,1.0922
2016-01-20,1.0907,1.0932
2016-01-21,1.0893,1.0949
2016-01-22,1.0808,1.095
2016-01-25,1.0815,1.0981
2016-01-26,1.0837,1.1008
2016-01-27,1.0888,1.1068
2016-01-28,1.0903,1.1053
2016-01-29,1.092,1.1144
2016-02-01,1.0884,1.1096
2016-02-02,1.0919,1.1147
2016-02-03,1.0933,1.1115
2016-02-04,1.1206,1.1169
2016-02-05,1.1202,1.1101
2016-02-08,1.1101,1.1051
2016-02-09,1.1236,1.0997
2016-02-10,1.1257,1.096
2016-02-11,1.1347,1.1027
2016-02-12,1.1275,1.0989
2016-02-15,1.118,1.1009
2016-02-16,1.1166,1.1018
2016-02-17,1.1136,1.1034
2016-02-18,1.1084,1.1028
2016-02-19,1.1096,1.1017
2016-02-22,1.1026,1.1008
2016-02-23,1.1002,1.0921
2016-02-24,1.0981,1.0914
2016-02-25,1.1027,1.0935
2016-02-26,1.1006,1.0929
2016-02-29,1.0888,1.0914
2016-03-01,1.0872,1.086
2016-03-02,1.0856,1.0845
2016-03-03,1.0901,1.084
2016-03-04,1.097,1.0898
2016-03-07,1.0953,1.0962
2016-03-08,1.1028,1.0952
2016-03-09,1.0973,1.0978
2016-03-10,1.0857,1.0941
2016-03-11,1.109,1.0948
2016-03-14,1.1119,1.0969
2016-03-15,1.1109,1.0954
2016-03-16,1.1064,1.096
2016-03-17,1.1311,1.0959
2016-03-18,1.1279,1.0919
2016-03-21,1.1271,1.0916
2016-03-22,1.1212,1.0887
2016-03-23,1.1171,1.0894
2016-03-24,1.1154,1.0875
2016-03-29,1.1194,1.0915
2016-03-30,1.1324,1.0913
2016-03-31,1.1385,1.0931
2016-04-01,1.1432,1.0946
2016-04-04,1.138,1.0919
2016-04-05,1.1367,1.0892
2016-04-06,1.1336,1.0887
2016-04-07,1.1364,1.0884
2016-04-08,1.1363,1.0874
2016-04-11,1.139,1.0877
2016-04-12,1.1396,1.0874
2016-04-13,1.1298,1.0887
2016-04-14,1.1252,1.0878
2016-04-15,1.1284,1.0919
2016-04-18,1.1306,1.0916
2016-04-19,1.1343,1.0922
2016-04-20,1.1379,1.0939
2016-04-21,1.1355,1.0989
2016-04-22,1.1263,1.0991
2016-04-25,1.1264,1.0973
2016-04-26,1.1287,1.1
2016-04-27,1.1303,1.0998
2016-04-28,1.1358,1.0974
2016-04-29,1.1403,1.0984
2016-05-02,1.1493,1.0999
2016-05-03,1.1569,1.0977
2016-05-04,1.1505,1.0993
2016-05-05,1.1439,1.1018
2016-05-06,1.1427,1.107
2016-05-09,1.1395,1.1053
2016-05-10,1.1375,1.1079
2016-05-11,1.1409,1.1099
2016-05-12,1.1389,1.1063
2016-05-13,1.1348,1.1024
2016-05-16,1.1324,1.1059
2016-05-17,1.1318,1.108
2016-05-18,1.1279,1.1086
2016-05-19,1.1197,1.1089
2016-05-20,1.1219,1.1123
2016-05-23,1.1215,1.1105
2016-05-24,1.1168,1.1079
2016-05-25,1.1146,1.1049
2016-05-26,1.1168,1.1075
2016-05-27,1.1168,1.1068
2016-05-30,1.1139,1.1058
2016-05-31,1.1154,1.1044
2016-06-01,1.1174,1.1055
2016-06-02,1.1188,1.1062
2016-06-03,1.1154,1.105
2016-06-06,1.1349,1.1051
2016-06-07,1.1348,1.0979
2016-06-08,1.1378,1.0942
2016-06-09,1.1343,1.0916
2016-06-10,1.1304,1.0885
2016-06-13,1.1268,1.0888
2016-06-14,1.1225,1.0832
2016-06-15,1.123,1.0817
2016-06-16,1.1174,1.0812
2016-06-17,1.1254,1.0818
2016-06-20,1.1332,1.0884
2016-06-21,1.1314,1.085
2016-06-22,1.1283,1.083
2016-06-23,1.1389,1.0876
2016-06-24,1.1066,1.0808
2016-06-27,1.0998,1.0736
2016-06-28,1.1073,1.0845
2016-06-29,1.109,1.0854
2016-06-30,1.1102,1.0867
2016-07-01,1.1135,1.0835
2016-07-04,1.1138,1.0839
2016-07-05,1.1146,1.0837
2016-07-06,1.1069,1.0821
2016-07-07,1.108,1.082
2016-07-08,1.107,1.0855
2016-07-11,1.1049,1.0867
2016-07-12,1.1092,1.0904
2016-07-13,1.1072,1.0909
2016-07-14,1.1157,1.09
2016-07-15,1.1128,1.0899
2016-07-18,1.1053,1.0869
2016-07-19,1.1035,1.0877
2016-07-20,1.1013,1.0882
2016-07-21,1.1015,1.0872
2016-07-22,1.1014,1.086
2016-07-25,1.0982,1.0839
2016-07-26,1.0997,1.087
2016-07-27,1.0991,1.0928
2016-07-28,1.109,1.0892
2016-07-29,1.1113,1.0823
2016-08-01,1.1164,1.0807
2016-08-02,1.1193,1.081
2016-08-03,1.12,1.0845
2016-08-04,1.1136,1.0834
2016-08-05,1.1156,1.0852
2016-08-08,1.1087,1.0883
2016-08-09,1.1078,1.0899
2016-08-10,1.1184,1.0923
2016-08-11,1.1153,1.0859
2016-08-12,1.1158,1.0888
2016-08-15,1.118,1.0893
2016-08-16,1.1295,1.0849
2016-08-17,1.1276,1.0863
2016-08-18,1.1321,1.0853
2016-08-19,1.1326,1.0852
2016-08-22,1.1306,1.0886
2016-08-23,1.1339,1.0896
2016-08-24,1.1268,1.0891
2016-08-25,1.129,1.0905
2016-08-26,1.129,1.0933
2016-08-29,1.117,1.0937
2016-08-30,1.1168,1.0951
2016-08-31,1.1132,1.0957
2016-09-01,1.1146,1.0978
2016-09-02,1.1193,1.0959
2016-09-05,1.1156,1.0925
2016-09-06,1.1159,1.0923
2016-09-07,1.1237,1.0891
2016-09-08,1.1296,1.0917
2016-09-09,1.1268,1.0969
2016-09-12,1.1226,1.0935
2016-09-13,1.1247,1.0925
2016-09-14,1.1218,1.0945
2016-09-15,1.1254,1.0941
2016-09-16,1.1226,1.0941
2016-09-19,1.1165,1.0955
2016-09-20,1.1184,1.0943
2016-09-21,1.115,1.0883
2016-09-22,1.1238,1.0867
2016-09-23,1.1214,1.0887
2016-09-26,1.1262,1.0905
2016-09-27,1.122,1.088
2016-09-28,1.1225,1.0891
2016-09-29,1.1221,1.0876
2016-09-30,1.1161,1.0876
2016-10-03,1.1236,1.0918
2016-10-04,1.1161,1.0949
2016-10-05,1.1211,1.0959
2016-10-06,1.1185,1.0942
2016-10-07,1.114,1.0946
2016-10-10,1.116,1.096
2016-10-11,1.1079,1.0938
2016-10-12,1.102,1.0906
2016-10-13,1.1038,1.0904
2016-10-14,1.1002,1.0889
2016-10-17,1.0994,1.0872
2016-10-18,1.0993,1.0886
2016-10-19,1.0979,1.0854
2016-10-20,1.098,1.0852
2016-10-21,1.0886,1.0825
2016-10-24,1.0891,1.0821
2016-10-25,1.0872,1.0848
2016-10-26,1.0925,1.0838
2016-10-27,1.0927,1.0838
2016-10-28,1.0922,1.0855
2016-10-31,1.0946,1.082
2016-11-01,1.1025,1.0823
2016-11-02,1.1095,1.0787
2016-11-03,1.1064,1.0787
2016-11-04,1.1093,1.0774
2016-11-07,1.1062,1.0789
2016-11-08,1.1038,1.0778
2016-11-09,1.1022,1.0793
2016-11-10,1.0895,1.0762
2016-11-11,1.0904,1.0732
2016-11-14,1.0777,1.0739
2016-11-15,1.0765,1.0758
2016-11-16,1.0702,1.0738
2016-11-17,1.0717,1.0737
2016-11-18,1.0629,1.0711
2016-11-21,1.0631,1.0727
2016-11-22,1.0617,1.073
2016-11-23,1.0602,1.0731
2016-11-24,1.0548,1.0727
2016-11-25,1.0592,1.0736
2016-11-28,1.0588,1.0751
2016-11-29,1.0576,1.0752
2016-11-30,1.0635,1.0803
2016-12-01,1.0627,1.0764
2016-12-02,1.0642,1.0751
2016-12-05,1.0702,1.0797
2016-12-06,1.0734,1.0833
2016-12-07,1.073,1.0834
2016-12-08,1.0762,1.0853
2016-12-09,1.0559,1.0756
2016-12-12,1.0596,1.0772
2016-12-13,1.061,1.0742
2016-12-14,1.0644,1.0747
2016-12-15,1.0419,1.0733
2016-12-16,1.0439,1.0751
2016-12-19,1.0422,1.0709
2016-12-20,1.0364,1.0687
2016-12-21,1.0421,1.0689
2016-12-22,1.0444,1.0706
2016-12-23,1.0446,1.0711
2016-12-27,1.0445,1.0754
2016-12-28,1.0401,1.0714
2016-12-29,1.0453,1.0714
2016-12-30,1.0541,1.0739
2017-01-02,1.0465,1.0711
2017-01-03,1.0385,1.0702
2017-01-04,1.0437,1.0707
2017-01-05,1.0501,1.0704
2017-01-06,1.0589,1.0725
2017-01-09,1.0516,1.0721
2017-01-10,1.0567,1.0737
2017-01-11,1.0503,1.0721
2017-01-12,1.0679,1.0742
2017-01-13,1.0661,1.0728
2017-01-16,1.0594,1.0709
2017-01-17,1.0684,1.0712
2017-01-18,1.0664,1.0706
2017-01-19,1.0668,1.0729
2017-01-20,1.0632,1.0727
2017-01-23,1.0715,1.0727
2017-01-24,1.0748,1.0738
2017-01-25,1.0743,1.0732
2017-01-26,1.07,1.0693
2017-01-27,1.0681,1.0689
2017-01-30,1.063,1.0669
2017-01-31,1.0755,1.0668
2017-02-01,1.079,1.068
2017-02-02,1.0808,1.069
2017-02-03,1.0741,1.0695
2017-02-06,1.0712,1.067
2017-02-07,1.0675,1.0658
2017-02-08,1.0665,1.0637
2017-02-09,1.0692,1.0672
2017-02-10,1.0629,1.0669
2017-02-13,1.0629,1.0673
2017-02-14,1.0623,1.0659
2017-02-15,1.0555,1.0652
2017-02-16,1.0652,1.0647
2017-02-17,1.065,1.0637
2017-02-20,1.0616,1.065
2017-02-21,1.0537,1.0639
2017-02-22,1.0513,1.0642
2017-02-23,1.0573,1.0663
2017-02-24,1.0609,1.0649
2017-02-27,1.0587,1.0664
2017-02-28,1.0597,1.0648
2017-03-01,1.0533,1.0647
2017-03-02,1.0514,1.0651
2017-03-03,1.0565,1.0675
2017-03-06,1.0592,1.0694
2017-03-07,1.0576,1.073
2017-03-08,1.0556,1.0702
2017-03-09,1.0551,1.0709
2017-03-10,1.0606,1.0743
2017-03-13,1.0663,1.0749
2017-03-14,1.0631,1.0726
2017-03-15,1.0622,1.0715
2017-03-16,1.0726,1.0695
2017-03-17,1.0737,1.0698
2017-03-20,1.0752,1.072
2017-03-21,1.0802,1.075
2017-03-22,1.0807,1.0714
2017-03-23,1.0786,1.07
2017-03-24,1.0805,1.0718
2017-03-27,1.0889,1.0713
2017-03-28,1.0859,1.0693
2017-03-29,1.0748,1.0712
2017-03-30,1.0737,1.0698
2017-03-31,1.0691,1.0696
2017-04-03,1.0661,1.0682
2017-04-04,1.0651,1.0673
2017-04-05,1.0678,1.0708
2017-04-06,1.0666,1.0702
2017-04-07,1.063,1.0695
2017-04-10,1.0578,1.0682
2017-04-11,1.0616,1.0696
2017-04-12,1.0605,1.0678
2017-04-13,1.063,1.0686
2017-04-18,1.0682,1.0686
2017-04-19,1.0725,1.069
2017-04-20,1.0745,1.0701
2017-04-21,1.0698,1.068
2017-04-24,1.0848,1.0806
2017-04-25,1.0891,1.0826
2017-04-26,1.0893,1.0835
2017-04-27,1.0881,1.082
2017-04-28,1.093,1.0831
2017-05-02,1.0915,1.0852
2017-05-03,1.0919,1.0812
2017-05-04,1.0927,1.0843
2017-05-05,1.0961,1.0839
2017-05-08,1.0938,1.0878
2017-05-09,1.0888,1.0938
2017-05-10,1.0882,1.0949
2017-05-11,1.086,1.0952
2017-05-12,1.0876,1.0963
2017-05-15,1.0972,1.0944
2017-05-16,1.1059,1.0958
2017-05-17,1.1117,1.0923
2017-05-18,1.1129,1.0874
2017-05-19,1.1179,1.0921
2017-05-22,1.1243,1.0911
2017-05-23,1.1215,1.0912
2017-05-24,1.1193,1.0929
2017-05-25,1.1214,1.0904
2017-05-26,1.1196,1.0888
2017-05-29,1.1188,1.09
2017-05-30,1.1173,1.0903
2017-05-31,1.1221,1.0896
2017-06-01,1.1219,1.0883
2017-06-02,1.1217,1.0893
2017-06-05,1.1249,1.0856
2017-06-06,1.1258,1.0851
2017-06-07,1.1217,1.0843
2017-06-08,1.1229,1.0856
2017-06-09,1.1176,1.0863
2017-06-12,1.1221,1.0857
2017-06-13,1.1217,1.085
2017-06-14,1.1203,1.0874
2017-06-15,1.1166,1.0874
2017-06-16,1.1167,1.0885
2017-06-19,1.1199,1.087
2017-06-20,1.1156,1.0854
2017-06-21,1.1147,1.0857
2017-06-22,1.1169,1.0867
2017-06-23,1.1173,1.0851
2017-06-26,1.1187,1.0881
2017-06-27,1.1278,1.0883
2017-06-28,1.1375,1.0913
2017-06-29,1.1413,1.0935
2017-06-30,1.1412,1.093
2017-07-03,1.1369,1.0943
2017-07-04,1.1353,1.0954
2017-07-05,1.1329,1.095
2017-07-06,1.1385,1.0975
2017-07-07,1.1412,1.0983
2017-07-10,1.1387,1.1007
2017-07-11,1.1405,1.104
2017-07-12,1.1449,1.1027
2017-07-13,1.1417,1.1011
2017-07-14,1.1415,1.1051
2017-07-17,1.1462,1.1012
2017-07-18,1.1555,1.1025
2017-07-19,1.1533,1.0994
2017-07-20,1.1485,1.1039
2017-07-21,1.1642,1.1051
2017-07-24,1.1648,1.102
2017-07-25,1.1694,1.1063
2017-07-26,1.1644,1.1152
2017-07-27,1.1694,1.1232
2017-07-28,1.1729,1.1357
2017-07-31,1.1727,1.1359
2017-08-01,1.1812,1.1414
2017-08-02,1.1829,1.1459
2017-08-03,1.186,1.1501
2017-08-04,1.1868,1.1494
2017-08-07,1.1797,1.148
2017-08-08,1.1814,1.1478
2017-08-09,1.1731,1.1293
2017-08-10,1.1732,1.1341
2017-08-11,1.1765,1.132
2017-08-14,1.1797,1.1422
2017-08-15,1.1744,1.1417
2017-08-16,1.171,1.1406
2017-08-17,1.1697,1.1311
2017-08-18,1.174,1.1287
2017-08-21,1.1761,1.1362
2017-08-22,1.1771,1.1364
2017-08-23,1.1799,1.1392
2017-08-24,1.1806,1.1375
2017-08-25,1.1808,1.139
2017-08-28,1.1925,1.1389
2017-08-29,1.2048,1.1386
2017-08-30,1.1916,1.1422
2017-08-31,1.1825,1.1446
2017-09-01,1.192,1.1441
2017-09-04,1.1905,1.1399
2017-09-05,1.189,1.1407
2017-09-06,1.1931,1.1399
2017-09-07,1.1971,1.1412
2017-09-08,1.206,1.1405
2017-09-11,1.1997,1.1404
2017-09-12,1.1933,1.1444
2017-09-13,1.1979,1.1496
2017-09-14,1.1885,1.1496
2017-09-15,1.1963,1.148
2017-09-18,1.1948,1.1464
2017-09-19,1.1972,1.1535
2017-09-20,1.2007,1.1532
2017-09-21,1.1905,1.1585
2017-09-22,1.1961,1.1588
2017-09-25,1.1867,1.1562
2017-09-26,1.1787,1.1452
2017-09-27,1.1741,1.1451
2017-09-28,1.1778,1.146
2017-09-29,1.1806,1.1457
2017-10-02,1.1744,1.1399
2017-10-03,1.1753,1.1449
2017-10-04,1.1787,1.1456
2017-10-05,1.1742,1.1472
2017-10-06,1.1707,1.1473
2017-10-09,1.1746,1.1497
2017-10-10,1.1797,1.1522
2017-10-11,1.183,1.1524
2017-10-12,1.1856,1.1552
2017-10-13,1.181,1.1533
2017-10-16,1.1803,1.1514
2017-10-17,1.1759,1.1504
2017-10-18,1.1749,1.1551
2017-10-19,1.1834,1.1541
2017-10-20,1.1818,1.1597
2017-10-23,1.174,1.1581
2017-10-24,1.1761,1.1613
2017-10-25,1.1785,1.169
2017-10-26,1.1753,1.1678
2017-10-27,1.1605,1.1632
2017-10-30,1.1612,1.1603
2017-10-31,1.1638,1.1622
2017-11-01,1.1612,1.164
2017-11-02,1.1645,1.1647
2017-11-03,1.1657,1.1635
2017-11-06,1.159,1.1593
2017-11-07,1.1562,1.1557
2017-11-08,1.159,1.1581
2017-11-09,1.163,1.1589
2017-11-10,1.1654,1.1591
2017-11-13,1.1656,1.1591
2017-11-14,1.1745,1.1643
2017-11-15,1.184,1.1675
2017-11-16,1.1771,1.1686
2017-11-17,1.1795,1.1696
2017-11-20,1.1781,1.1676
2017-11-21,1.1718,1.1641
2017-11-22,1.1749,1.1609
2017-11-23,1.1848,1.1613
2017-11-24,1.1877,1.165
2017-11-27,1.1952,1.1718
2017-11-28,1.1888,1.168
2017-11-29,1.1827,1.1664
2017-11-30,1.1849,1.1699
2017-12-01,1.1885,1.1691
2017-12-04,1.1865,1.1665
2017-12-05,1.1847,1.1673
2017-12-06,1.1817,1.1678
2017-12-07,1.1786,1.17
2017-12-08,1.1742,1.1704
2017-12-11,1.1796,1.1679
2017-12-12,1.1766,1.1671
2017-12-13,1.1736,1.1647
2017-12-14,1.1845,1.1686
2017-12-15,1.1806,1.1669
2017-12-18,1.1795,1.1652
2017-12-19,1.1823,1.1643
2017-12-20,1.1845,1.1702
2017-12-21,1.1859,1.1725
2017-12-22,1.1853,1.1735
2017-12-27,1.1895,1.1772
2017-12-28,1.1934,1.1704
2017-12-29,1.1993,1.1702
2018-01-02,1.2065,1.1718
2018-01-03,1.2023,1.1736
2018-01-04,1.2065,1.1763
2018-01-05,1.2045,1.1757
2018-01-08,1.1973,1.1709
2018-01-09,1.1932,1.1727
2018-01-10,1.1992,1.1725
2018-01-11,1.2017,1.1736
2018-01-12,1.2137,1.1787
2018-01-15,1.2277,1.1799
2018-01-16,1.223,1.1795
2018-01-17,1.2203,1.1774
2018-01-18,1.2235,1.1748
2018-01-19,1.2255,1.1758
2018-01-22,1.2239,1.1764
2018-01-23,1.2249,1.1779
2018-01-24,1.2352,1.1735
2018-01-25,1.2407,1.168
2018-01-26,1.2436,1.1632
2018-01-29,1.2379,1.1563
2018-01-30,1.2421,1.1589
2018-01-31,1.2457,1.1631
2018-02-01,1.2459,1.1603
2018-02-02,1.2492,1.1596
2018-02-05,1.244,1.1599
2018-02-06,1.2329,1.1571
2018-02-07,1.2338,1.161
2018-02-08,1.2252,1.1555
2018-02-09,1.2273,1.15
2018-02-12,1.2263,1.1503
2018-02-13,1.2333,1.1522
2018-02-14,1.2348,1.1519
2018-02-15,1.2493,1.1545
2018-02-16,1.2464,1.1521
2018-02-19,1.241,1.1513
2018-02-20,1.234,1.1537
2018-02-21,1.2312,1.1551
2018-02-22,1.2276,1.1508
2018-02-23,1.2299,1.1505
2018-02-26,1.232,1.153
2018-02-27,1.2301,1.1539
2018-02-28,1.2214,1.152
2018-03-01,1.2171,1.1519
2018-03-02,1.2312,1.1512
2018-03-05,1.2307,1.1549
2018-03-06,1.2411,1.1626
2018-03-07,1.2417,1.1673
2018-03-08,1.2421,1.1731
2018-03-09,1.2291,1.1695
2018-03-12,1.2302,1.1681
2018-03-13,1.2378,1.169
2018-03-14,1.2369,1.1704
2018-03-15,1.2341,1.1689
2018-03-16,1.2301,1.1702
2018-03-19,1.2309,1.1717
2018-03-20,1.2276,1.1721
2018-03-21,1.2286,1.1709
2018-03-22,1.2316,1.1671
2018-03-23,1.2346,1.1703
2018-03-26,1.2411,1.1739
2018-03-27,1.2376,1.1764
2018-03-28,1.2398,1.1801
2018-03-29,1.2321,1.1779
2018-04-03,1.2308,1.1775
2018-04-04,1.2276,1.1776
2018-04-05,1.226,1.1796
2018-04-06,1.2234,1.1798
2018-04-09,1.2304,1.179
2018-04-10,1.2361,1.1792
2018-04-11,1.2384,1.1855
2018-04-12,1.2323,1.1876
2018-04-13,1.2317,1.1854
2018-04-16,1.237,1.1878
2018-04-17,1.2357,1.1908
2018-04-18,1.2388,1.1979
2018-04-19,1.2382,1.1976
2018-04-20,1.2309,1.197
2018-04-23,1.2238,1.1941
2018-04-24,1.2213,1.1944
2018-04-25,1.2185,1.1986
2018-04-26,1.2168,1.1976
2018-04-27,1.207,1.196
2018-04-30,1.2079,1.1968
2018-05-02,1.2007,1.1957
2018-05-03,1.1992,1.1958
2018-05-04,1.1969,1.195
2018-05-07,1.1902,1.1964
2018-05-08,1.187,1.1906
2018-05-09,1.1879,1.1895
2018-05-10,1.1878,1.1908
2018-05-11,1.1934,1.1933
2018-05-14,1.1988,1.1965
2018-05-15,1.1883,1.191
2018-05-16,1.1784,1.1792
2018-05-17,1.1805,1.1819
2018-05-18,1.1781,1.1773
2018-05-21,1.1759,1.1753
2018-05-22,1.1794,1.1738
2018-05-23,1.1708,1.1598
2018-05-24,1.1728,1.1607
2018-05-25,1.1675,1.1593
2018-05-28,1.1644,1.1577
2018-05-29,1.1558,1.1517
2018-05-30,1.1632,1.1513
2018-05-31,1.1699,1.1526
2018-06-01,1.1669,1.1531
2018-06-04,1.1737,1.1546
2018-06-05,1.1675,1.1515
2018-06-06,1.1765,1.1629
2018-06-07,1.1836,1.1613
2018-06-08,1.1754,1.1572
2018-06-11,1.179,1.1631
2018-06-12,1.1788,1.1615
2018-06-13,1.1764,1.1616
2018-06-14,1.173,1.1585
2018-06-15,1.1596,1.1575
2018-06-18,1.1613,1.1554
2018-06-19,1.1534,1.1501
2018-06-20,1.1578,1.1537
2018-06-21,1.1538,1.1496
2018-06-22,1.1648,1.1534
2018-06-25,1.17,1.1549
2018-06-26,1.1672,1.1543
2018-06-27,1.1616,1.1536
2018-06-28,1.1583,1.1556
2018-06-29,1.1658,1.1569
2018-07-02,1.1639,1.1563
2018-07-03,1.1665,1.1573
2018-07-04,1.1642,1.1557
2018-07-05,1.1709,1.1613
2018-07-06,1.1724,1.1634
2018-07-09,1.1789,1.1646
2018-07-10,1.1713,1.1649
2018-07-11,1.1735,1.1653
2018-07-12,1.1658,1.1642
2018-07-13,1.1643,1.1704
2018-07-16,1.172,1.1696
2018-07-17,1.1707,1.1648
2018-07-18,1.1611,1.1611
2018-07-19,1.1588,1.1622
2018-07-20,1.167,1.1633
2018-07-23,1.1716,1.1614
2018-07-24,1.1706,1.1626
2018-07-25,1.169,1.1598
2018-07-26,1.1716,1.1616
2018-07-27,1.1625,1.1597
2018-07-30,1.1684,1.1598
2018-07-31,1.1736,1.1592
2018-08-01,1.1696,1.1589
2018-08-02,1.1617,1.155
2018-08-03,1.1588,1.1528
2018-08-06,1.1543,1.1513
2018-08-07,1.1602,1.153
2018-08-08,1.1589,1.1544
2018-08-09,1.1593,1.1512
2018-08-10,1.1456,1.1391
2018-08-13,1.1403,1.1338
2018-08-14,1.1406,1.1298
2018-08-15,1.1321,1.1289
2018-08-16,1.137,1.1299
2018-08-17,1.1391,1.1338
2018-08-20,1.142,1.1366
2018-08-21,1.1502,1.1372
2018-08-22,1.1616,1.1401
2018-08-23,1.1579,1.1383
2018-08-24,1.1588,1.1398
2018-08-27,1.1633,1.1428
2018-08-28,1.171,1.1427
2018-08-29,1.166,1.1385
2018-08-30,1.1692,1.1339
2018-08-31,1.1651,1.1281
2018-09-03,1.1609,1.1268
2018-09-04,1.1562,1.1261
2018-09-05,1.1582,1.1288
2018-09-06,1.1634,1.1275
2018-09-07,1.1615,1.1217
2018-09-10,1.1571,1.1267
2018-09-11,1.1574,1.1276
2018-09-12,1.1585,1.1277
2018-09-13,1.162,1.1265
2018-09-14,1.1689,1.1274
2018-09-17,1.1671,1.1236
2018-09-18,1.1697,1.1245
2018-09-19,1.1667,1.1304
2018-09-20,1.1769,1.1312
2018-09-21,1.1759,1.1228
2018-09-24,1.1773,1.129
2018-09-25,1.1777,1.1376
2018-09-26,1.1737,1.1369
2018-09-27,1.1707,1.1371
2018-09-28,1.1576,1.1316
2018-10-01,1.1606,1.1414
2018-10-02,1.1543,1.1354
2018-10-03,1.1548,1.1412
2018-10-04,1.1502,1.1409
2018-10-05,1.1506,1.1433
2018-10-08,1.1478,1.1396
2018-10-09,1.1435,1.1381
2018-10-10,1.15,1.1412
2018-10-11,1.1575,1.143
2018-10-12,1.1574,1.147
2018-10-15,1.1581,1.1428
2018-10-16,1.1587,1.1444
2018-10-17,1.153,1.1453
2018-10-18,1.1505,1.1451
2018-10-19,1.147,1.1421
2018-10-22,1.1494,1.1456
2018-10-23,1.1478,1.1424
2018-10-24,1.1389,1.1373
2018-10-25,1.1416,1.1407
2018-10-26,1.1345,1.1367
2018-10-29,1.1381,1.1384
2018-10-30,1.1372,1.1386
2018-10-31,1.1318,1.1399
2018-11-01,1.1393,1.143
2018-11-02,1.1417,1.1422
2018-11-05,1.137,1.1437
2018-11-06,1.1428,1.146
2018-11-07,1.1487,1.1444
2018-11-08,1.1424,1.1456
2018-11-09,1.1346,1.1414
2018-11-12,1.1265,1.1368
2018-11-13,1.1261,1.1368
2018-11-14,1.1296,1.1395
2018-11-15,1.1305,1.1365
2018-11-16,1.1346,1.1431
2018-11-19,1.1427,1.1391
2018-11-20,1.1421,1.1328
2018-11-21,1.1409,1.1341
2018-11-22,1.1403,1.1351
2018-11-23,1.1352,1.1316
2018-11-26,1.1363,1.1332
2018-11-27,1.1328,1.1309
2018-11-28,1.1284,1.1273
2018-11-29,1.1387,1.1324
2018-11-30,1.1359,1.134
2018-12-03,1.1332,1.1323
2018-12-04,1.1409,1.1348
2018-12-05,1.1354,1.1328
2018-12-06,1.1351,1.1304
2018-12-07,1.1371,1.1299
2018-12-10,1.1425,1.1295
2018-12-11,1.1379,1.1248
2018-12-12,1.1346,1.1286
2018-12-13,1.1371,1.1287
2018-12-14,1.1285,1.1254
2018-12-17,1.1341,1.1254
2018-12-18,1.1377,1.1281
2018-12-19,1.1405,1.1328
2018-12-20,1.1451,1.1331
2018-12-21,1.1414,1.1312
2018-12-24,1.1408,1.1312
2018-12-27,1.1377,1.1279
2018-12-28,1.1454,1.1227
2018-12-31,1.145,1.1269
2019-01-02,1.1397,1.1239
2019-01-03,1.1348,1.1219
2019-01-04,1.1403,1.1256
2019-01-07,1.1445,1.1227
2019-01-08,1.144,1.1232
2019-01-09,1.1455,1.123
2019-01-10,1.1535,1.1276
2019-01-11,1.1533,1.1327
2019-01-14,1.1467,1.1258
2019-01-15,1.1424,1.1266
2019-01-16,1.1389,1.1269
2019-01-17,1.1396,1.1312
2019-01-18,1.1402,1.1331
2019-01-21,1.1362,1.1343
2019-01-22,1.1354,1.1326
2019-01-23,1.1367,1.1335
2019-01-24,1.1341,1.1283
2019-01-25,1.1346,1.131
2019-01-28,1.1418,1.1331
2019-01-29,1.1422,1.1352
2019-01-30,1.1429,1.1403
2019-01-31,1.1488,1.1409
2019-02-01,1.1471,1.1396
2019-02-04,1.1445,1.1421
2019-02-05,1.1423,1.1436
2019-02-06,1.1394,1.1394
2019-02-07,1.1345,1.1357
2019-02-08,1.1346,1.1357
2019-02-11,1.1309,1.1351
2019-02-12,1.1296,1.1381
2019-02-13,1.1305,1.1371
2019-02-14,1.1268,1.137
2019-02-15,1.126,1.134
2019-02-18,1.1328,1.1361
2019-02-19,1.1294,1.1351
2019-02-20,1.1342,1.1342
2019-02-21,1.1354,1.1367
2019-02-22,1.1325,1.1346
2019-02-25,1.1355,1.1351
2019-02-26,1.1361,1.1371
2019-02-27,1.1386,1.1354
2019-02-28,1.1416,1.1335
2019-03-01,1.1383,1.1363
2019-03-04,1.1337,1.1352
2019-03-05,1.1329,1.1341
2019-03-06,1.1305,1.136
2019-03-07,1.1271,1.1355
2019-03-08,1.1222,1.1324
2019-03-11,1.1244,1.1349
2019-03-12,1.1275,1.1369
2019-03-13,1.1303,1.1373
2019-03-14,1.1295,1.1351
2019-03-15,1.1308,1.136
2019-03-18,1.1349,1.136
2019-03-19,1.1358,1.1353
2019-03-20,1.1354,1.1338
2019-03-21,1.1387,1.1309
2019-03-22,1.1302,1.1243
2019-03-25,1.1325,1.1237
2019-03-26,1.1291,1.1222
2019-03-27,1.1261,1.1196
2019-03-28,1.1218,1.1185
2019-03-29,1.1235,1.1181
2019-04-01,1.1236,1.118
2019-04-02,1.12,1.1195
2019-04-03,1.1243,1.1206
2019-04-04,1.1219,1.1207
2019-04-05,1.1233,1.1235
2019-04-08,1.1246,1.1245
2019-04-09,1.1277,1.127
2019-04-10,1.1279,1.128
2019-04-11,1.1264,1.1304
2019-04-12,1.1321,1.1326
2019-04-15,1.1313,1.1345
2019-04-16,1.1305,1.1371
2019-04-17,1.1301,1.14
2019-04-18,1.125,1.1383
2019-04-23,1.1245,1.147
2019-04-24,1.1209,1.1416
2019-04-25,1.1123,1.1368
2019-04-26,1.1133,1.1372
2019-04-29,1.115,1.1379
2019-04-30,1.1218,1.1437
2019-05-02,1.1212,1.1419
2019-05-03,1.1155,1.1383
2019-05-06,1.1199,1.1403
2019-05-07,1.1185,1.1415
2019-05-08,1.1202,1.1407
2019-05-09,1.1193,1.139
2019-05-10,1.123,1.1378
2019-05-13,1.1245,1.1319
2019-05-14,1.1226,1.1307
2019-05-15,1.1183,1.1276
2019-05-16,1.1203,1.1306
2019-05-17,1.1172,1.1283
2019-05-20,1.1167,1.1263
2019-05-21,1.1161,1.1274
2019-05-22,1.1171,1.1252
2019-05-23,1.1139,1.1224
2019-05-24,1.1187,1.1215
2019-05-27,1.1198,1.1257
2019-05-28,1.1192,1.1254
2019-05-29,1.1156,1.1217
2019-05-30,1.1134,1.1228
2019-05-31,1.1151,1.1214
2019-06-03,1.1185,1.1162
2019-06-04,1.1244,1.1178
2019-06-05,1.1257,1.1163
2019-06-06,1.1266,1.1174
2019-06-07,1.1273,1.1191
2019-06-10,1.1301,1.12
2019-06-11,1.132,1.1233
2019-06-12,1.1323,1.1252
2019-06-13,1.1289,1.1207
2019-06-14,1.1265,1.1211
2019-06-17,1.1234,1.1214
2019-06-18,1.1187,1.1175
2019-06-19,1.1207,1.1176
2019-06-20,1.1307,1.1142
2019-06-21,1.1316,1.1107
2019-06-24,1.1394,1.1109
2019-06-25,1.1388,1.1108
2019-06-26,1.1362,1.1113
2019-06-27,1.137,1.1121
2019-06-28,1.138,1.1105
2019-07-01,1.1349,1.1141
2019-07-02,1.1301,1.1169
2019-07-03,1.1293,1.1116
2019-07-04,1.1288,1.112
2019-07-05,1.126,1.1126
2019-07-08,1.1215,1.1127
2019-07-09,1.1205,1.1137
2019-07-10,1.122,1.1133
2019-07-11,1.1285,1.1114
2019-07-12,1.1253,1.1087
2019-07-15,1.1269,1.1071
2019-07-16,1.1223,1.1075
2019-07-17,1.1215,1.1095
2019-07-18,1.1216,1.1064
2019-07-19,1.1226,1.1033
2019-07-22,1.1215,1.1007
2019-07-23,1.1173,1.0985
2019-07-24,1.114,1.0982
2019-07-25,1.1115,1.0989
2019-07-26,1.1138,1.1053
2019-07-29,1.1119,1.1037
2019-07-30,1.1154,1.1038
2019-07-31,1.1151,1.1041
2019-08-01,1.1037,1.0988
2019-08-02,1.1106,1.0931
2019-08-05,1.1182,1.0893
2019-08-06,1.1187,1.0919
2019-08-07,1.1202,1.0921
2019-08-08,1.1193,1.0923
2019-08-09,1.1198,1.0897
2019-08-12,1.1194,1.0876
2019-08-13,1.1222,1.0853
2019-08-14,1.1188,1.0862
2019-08-15,1.115,1.0863
2019-08-16,1.1076,1.0854
2019-08-19,1.1103,1.0884
2019-08-20,1.1076,1.086
2019-08-21,1.1104,1.0875
2019-08-22,1.1083,1.0905
2019-08-23,1.1065,1.0893
2019-08-26,1.1116,1.0885
2019-08-27,1.1104,1.0884
2019-08-28,1.1083,1.0872
2019-08-29,1.1072,1.088
2019-08-30,1.1036,1.0909
2019-09-02,1.0968,1.0875
2019-09-03,1.0937,1.0829
2019-09-04,1.1018,1.0848
2019-09-05,1.1058,1.0863
2019-09-06,1.1027,1.0928
2019-09-09,1.1033,1.0923
2019-09-10,1.104,1.0943
2019-09-11,1.1003,1.0934
2019-09-12,1.0963,1.0892
2019-09-13,1.1096,1.094
2019-09-16,1.1031,1.0932
2019-09-17,1.1026,1.0966
2019-09-18,1.1053,1.0999
2019-09-19,1.1067,1.097
2019-09-20,1.103,1.0942
2019-09-23,1.0985,1.0891
2019-09-24,1.1003,1.0878
2019-09-25,1.0982,1.0841
2019-09-26,1.0938,1.0864
2019-09-27,1.0935,1.086
2019-09-30,1.0889,1.0847
2019-10-01,1.0898,1.0906
2019-10-02,1.0925,1.094
2019-10-03,1.0951,1.0957
2019-10-04,1.0979,1.0913
2019-10-07,1.0993,1.0924
2019-10-08,1.0986,1.0898
2019-10-09,1.0981,1.0927
2019-10-10,1.103,1.0948
2019-10-11,1.1043,1.1025
2019-10-14,1.1031,1.0983
2019-10-15,1.1007,1.0977
2019-10-16,1.1025,1.0997
2019-10-17,1.1113,1.0991
2019-10-18,1.1144,1.0996
2019-10-21,1.1173,1.1002
2019-10-22,1.113,1.1004
2019-10-23,1.1123,1.1004
2019-10-24,1.1128,1.1019
2019-10-25,1.1107,1.1019
2019-10-28,1.1087,1.1047
2019-10-29,1.1095,1.1041
2019-10-30,1.1106,1.1032
2019-10-31,1.1154,1.1007
2019-11-01,1.1139,1.1013
2019-11-04,1.1158,1.1021
2019-11-05,1.1109,1.1009
2019-11-06,1.109,1.101
2019-11-07,1.1077,1.0998
2019-11-08,1.1034,1.0991
2019-11-11,1.1041,1.0972
2019-11-12,1.1015,1.0963
2019-11-13,1.1006,1.0894
2019-11-14,1.0997,1.0873
2019-11-15,1.1034,1.0924
2019-11-18,1.1061,1.096
2019-11-19,1.1077,1.0979
2019-11-20,1.1059,1.0977
2019-11-21,1.1091,1.0998
2019-11-22,1.1058,1.0994
2019-11-25,1.1008,1.0986
2019-11-26,1.102,1.0993
2019-11-27,1.1009,1.0986
2019-11-28,1.1005,1.0991
2019-11-29,1.0982,1.0998
2019-12-02,1.1023,1.0995
2019-12-03,1.1071,1.0947
2019-12-04,1.1081,1.0956
2019-12-05,1.1094,1.0964
2019-12-06,1.1094,1.0968
2019-12-09,1.1075,1.0959
2019-12-10,1.1077,1.0922
2019-12-11,1.1075,1.0916
2019-12-12,1.1137,1.0939
2019-12-13,1.1174,1.0982
2019-12-16,1.1146,1.0953
2019-12-17,1.1162,1.0946
2019-12-18,1.1115,1.0913
2019-12-19,1.1117,1.0899
2019-12-20,1.1097,1.0883
2019-12-23,1.1075,1.087
2019-12-24,1.108,1.0878
2019-12-27,1.1153,1.089
2019-12-30,1.1189,1.0871
2019-12-31,1.1234,1.0854
2020-01-02,1.1193,1.0865
2020-01-03,1.1147,1.084
2020-01-06,1.1194,1.085
2020-01-07,1.1172,1.085
2020-01-08,1.1115,1.0792
2020-01-09,1.111,1.0808
2020-01-10,1.1091,1.0822
2020-01-13,1.1126,1.0811
2020-01-14,1.1115,1.0767
2020-01-15,1.1142,1.0751
2020-01-16,1.1169,1.0739
2020-01-17,1.1108,1.0736
2020-01-20,1.1085,1.0737
2020-01-21,1.1115,1.0743
2020-01-22,1.1088,1.0757
2020-01-23,1.1091,1.0734
2020-01-24,1.1035,1.0712
2020-01-27,1.1025,1.0689
2020-01-28,1.1005,1.0703
2020-01-29,1.1001,1.0729
2020-01-30,1.1029,1.069
2020-01-31,1.1052,1.0694
2020-02-03,1.1066,1.0672
2020-02-04,1.1048,1.0702
2020-02-05,1.1023,1.0717
2020-02-06,1.1003,1.0715
2020-02-07,1.0969,1.0705
2020-02-10,1.0951,1.07
2020-02-11,1.0901,1.0667
2020-02-12,1.0914,1.0645
2020-02-13,1.0867,1.0633
2020-02-14,1.0842,1.0641
2020-02-17,1.0835,1.0641
2020-02-18,1.0816,1.0619
2020-02-19,1.08,1.0621
2020-02-20,1.079,1.0616
2020-02-21,1.0801,1.061
2020-02-24,1.0818,1.06
2020-02-25,1.084,1.0605
2020-02-26,1.0875,1.0606
2020-02-27,1.0964,1.0627
2020-02-28,1.0977,1.0614
2020-03-02,1.1122,1.0655
2020-03-03,1.1117,1.0646
2020-03-04,1.1125,1.0647
2020-03-05,1.1187,1.0663
2020-03-06,1.1336,1.0589
2020-03-09,1.1456,1.0594
2020-03-10,1.139,1.0594
2020-03-11,1.1336,1.0591
2020-03-12,1.124,1.0549
2020-03-13,1.1104,1.0608
2020-03-16,1.1157,1.0546
2020-03-17,1.0982,1.0561
2020-03-18,1.0934,1.0546
2020-03-19,1.0801,1.0535
2020-03-20,1.0707,1.0546
2020-03-23,1.0783,1.059
2020-03-24,1.0843,1.0572
2020-03-25,1.0827,1.0602
2020-03-26,1.0981,1.0634
2020-03-27,1.0977,1.0581
2020-03-30,1.1034,1.0571
2020-03-31,1.0956,1.0585
2020-04-01,1.0936,1.0564
2020-04-02,1.0906,1.0551
2020-04-03,1.0785,1.0547
2020-04-06,1.0791,1.056
2020-04-07,1.0885,1.0582
2020-04-08,1.0871,1.0557
2020-04-09,1.0867,1.0558
2020-04-14,1.0963,1.0543
2020-04-15,1.0903,1.0534
2020-04-16,1.0888,1.0516
2020-04-17,1.086,1.0515
2020-04-20,1.086,1.0518
2020-04-21,1.0837,1.0517
2020-04-22,1.0867,1.0523
2020-04-23,1.0772,1.0511
2020-04-24,1.08,1.0525
2020-04-27,1.0852,1.0557
2020-04-28,1.0877,1.0586
2020-04-29,1.0842,1.0571
2020-04-30,1.0876,1.0558
2020-05-04,1.0942,1.0548
2020-05-05,1.0843,1.0525
2020-05-06,1.0807,1.053
2020-05-07,1.0783,1.053
2020-05-08,1.0843,1.0529
2020-05-11,1.0824,1.0519
2020-05-12,1.0858,1.052
2020-05-13,1.0875,1.0528
2020-05-14,1.0792,1.0512
2020-05-15,1.0798,1.0513
2020-05-18,1.0832,1.0521
2020-05-19,1.095,1.0633
2020-05-20,1.0958,1.0584
2020-05-21,1.1,1.0628
2020-05-22,1.0904,1.0591
2020-05-25,1.091,1.0597
2020-05-26,1.0975,1.06
2020-05-27,1.0991,1.0675
2020-05-28,1.1016,1.0683
2020-05-29,1.1136,1.072
2020-06-01,1.1116,1.0686
2020-06-02,1.1174,1.0741
2020-06-03,1.1194,1.0793
2020-06-04,1.125,1.0786
2020-06-05,1.133,1.0866
2020-06-08,1.1285,1.0861
2020-06-09,1.1294,1.077
2020-06-10,1.1375,1.0762
2020-06-11,1.1348,1.0697
2020-06-12,1.1304,1.0697
2020-06-15,1.1253,1.0679
2020-06-16,1.1308,1.0717
2020-06-17,1.1232,1.0669
2020-06-18,1.1222,1.0667
2020-06-19,1.121,1.0656
2020-06-22,1.1213,1.0654
2020-06-23,1.1318,1.0705
2020-06-24,1.128,1.0679
2020-06-25,1.12,1.0637
2020-06-26,1.1213,1.0631
2020-06-29,1.1284,1.0669
2020-06-30,1.1198,1.0651
2020-07-01,1.12,1.062
2020-07-02,1.1286,1.0648
2020-07-03,1.1224,1.0623
2020-07-06,1.1325,1.0642
2020-07-07,1.129,1.0643
2020-07-08,1.1286,1.0624
2020-07-09,1.1342,1.0634
2020-07-10,1.1276,1.0625
2020-07-13,1.1329,1.0685
2020-07-14,1.1375,1.0691
2020-07-15,1.1444,1.0783
2020-07-16,1.1414,1.0787
2020-07-17,1.1428,1.0753
2020-07-20,1.1448,1.0736
2020-07-21,1.1443,1.074
2020-07-22,1.1578,1.0785
2020-07-23,1.1569,1.0731
2020-07-24,1.1608,1.073
2020-07-27,1.176,1.0838
2020-07-28,1.1717,1.0758
2020-07-29,1.1725,1.0766
2020-07-30,1.1743,1.0744
2020-07-31,1.1848,1.0769
2020-08-03,1.1726,1.0784
2020-08-04,1.1765,1.0761
2020-08-05,1.1854,1.077
2020-08-06,1.1843,1.0759
2020-08-07,1.1817,1.0804
2020-08-10,1.1763,1.079
2020-08-11,1.1783,1.0743
2020-08-12,1.1771,1.0755
2020-08-13,1.1833,1.0784
2020-08-14,1.1813,1.0754
2020-08-17,1.1853,1.0765
2020-08-18,1.1906,1.0773
2020-08-19,1.1933,1.0811
2020-08-20,1.185,1.0786
2020-08-21,1.1769,1.0744
2020-08-24,1.1847,1.0761
2020-08-25,1.1814,1.0752
2020-08-26,1.1789,1.0738
2020-08-27,1.1806,1.075
2020-08-28,1.1915,1.0758
2020-08-31,1.194,1.0774
2020-09-01,1.1987,1.0865
2020-09-02,1.1861,1.0799
2020-09-03,1.1813,1.0776
2020-09-04,1.1842,1.0793
2020-09-07,1.1824,1.0809
2020-09-08,1.1785,1.082
2020-09-09,1.1773,1.0806
2020-09-10,1.1849,1.0766
2020-09-11,1.1854,1.0777
2020-09-14,1.1876,1.0768
2020-09-15,1.1892,1.0768
2020-09-16,1.1869,1.0753
2020-09-17,1.1797,1.0742
2020-09-18,1.1833,1.0776
2020-09-21,1.1787,1.0761
2020-09-22,1.174,1.0748
2020-09-23,1.1692,1.0773
2020-09-24,1.1645,1.0772
2020-09-25,1.1634,1.0798
2020-09-28,1.167,1.0816
2020-09-29,1.1702,1.0795
2020-09-30,1.1708,1.0804
2020-10-01,1.1752,1.0787
2020-10-02,1.173,1.079
2020-10-05,1.1768,1.0781
2020-10-06,1.1795,1.0781
2020-10-07,1.177,1.0787
2020-10-08,1.1765,1.0799
2020-10-09,1.1795,1.0773
2020-10-12,1.1799,1.0742
2020-10-13,1.1787,1.0734
2020-10-14,1.175,1.0738
2020-10-15,1.1698,1.0697
2020-10-16,1.1741,1.0721
2020-10-19,1.1785,1.0724
2020-10-20,1.181,1.0724
2020-10-21,1.1852,1.0715
2020-10-22,1.1821,1.0726
2020-10-23,1.1856,1.0715
2020-10-26,1.1819,1.0719
2020-10-27,1.1832,1.0732
2020-10-28,1.1727,1.0693
2020-10-29,1.1704,1.0684
2020-10-30,1.1698,1.0698
2020-11-02,1.1652,1.0695
2020-11-03,1.1702,1.0709
2020-11-04,1.1721,1.0675
2020-11-05,1.1855,1.0724
2020-11-06,1.187,1.0682
2020-11-09,1.1883,1.0778
2020-11-10,1.1808,1.0817
2020-11-11,1.1766,1.0793
2020-11-12,1.1791,1.0805
2020-11-13,1.1815,1.0805
2020-11-16,1.183,1.0819
2020-11-17,1.1882,1.0816
2020-11-18,1.1868,1.0812
2020-11-19,1.1832,1.0797
2020-11-20,1.1863,1.0811
2020-11-23,1.1901,1.0806
2020-11-24,1.1865,1.0833
2020-11-25,1.189,1.0835
2020-11-26,1.19,1.0813
2020-11-27,1.1922,1.0826
2020-11-30,1.198,1.0839
2020-12-01,1.1968,1.0836
2020-12-02,1.2066,1.0819
2020-12-03,1.2151,1.0831
2020-12-04,1.2159,1.0822
2020-12-07,1.2128,1.0802
2020-12-08,1.2114,1.0781
2020-12-09,1.2109,1.0764
2020-12-10,1.2115,1.0757
2020-12-11,1.2127,1.0786
2020-12-14,1.2162,1.0776
2020-12-15,1.214,1.077
2020-12-16,1.2189,1.0786
2020-12-17,1.2246,1.0821
2020-12-18,1.2259,1.0845
2020-12-21,1.2173,1.081
2020-12-22,1.2239,1.0837
2020-12-23,1.2166,1.0837
2020-12-24,1.2193,1.0851
2020-12-28,1.2219,1.0854
2020-12-29,1.2259,1.0862
2020-12-30,1.2281,1.0857
2020-12-31,1.2271,1.0802
2021-01-04,1.2296,1.0811
2021-01-05,1.2271,1.0803
2021-01-06,1.2338,1.0821
2021-01-07,1.2276,1.0833
2021-01-08,1.225,1.0827
2021-01-11,1.2163,1.0838
2021-01-12,1.2161,1.0812
2021-01-13,1.2166,1.0812
2021-01-14,1.2124,1.0805
2021-01-15,1.2123,1.077
2021-01-18,1.2064,1.0747
2021-01-19,1.2132,1.0769
2021-01-20,1.2101,1.0778
2021-01-21,1.2158,1.0773
2021-01-22,1.2158,1.0773
2021-01-25,1.2152,1.0772
2021-01-26,1.2143,1.0789
2021-01-27,1.2114,1.0759
2021-01-28,1.2091,1.0783
2021-01-29,1.2136,1.0798
2021-02-01,1.2084,1.0816
2021-02-02,1.2044,1.0808
2021-02-03,1.2017,1.0804
2021-02-04,1.1996,1.0818
2021-02-05,1.1983,1.0825
2021-02-08,1.2025,1.0842
2021-02-09,1.2104,1.0817
2021-02-10,1.2127,1.0805
2021-02-11,1.2147,1.0802
2021-02-12,1.2108,1.0803
2021-02-15,1.2129,1.0802
2021-02-16,1.2143,1.08
2021-02-17,1.206,1.0806
2021-02-18,1.2084,1.0829
2021-02-19,1.2139,1.0851
2021-02-22,1.2133,1.0888
2021-02-23,1.2143,1.0946
2021-02-24,1.2146,1.1029
2021-02-25,1.2225,1.1076
2021-02-26,1.2121,1.0986
2021-03-01,1.2053,1.1014
2021-03-02,1.2028,1.105
2021-03-03,1.2048,1.1064
2021-03-04,1.2034,1.1114
2021-03-05,1.1938,1.1066
2021-03-08,1.1866,1.1087
2021-03-09,1.1894,1.1071
2021-03-10,1.1892,1.1069
2021-03-11,1.1969,1.1066
2021-03-12,1.1933,1.1094
2021-03-15,1.192,1.1084
2021-03-16,1.1926,1.1033
2021-03-17,1.1907,1.1047
2021-03-18,1.1912,1.1069
2021-03-19,1.1891,1.1066
2021-03-22,1.1926,1.1023
2021-03-23,1.1883,1.1066
2021-03-24,1.1825,1.1068
2021-03-25,1.1802,1.1045
2021-03-26,1.1782,1.109
2021-03-29,1.1784,1.1075
2021-03-30,1.1741,1.1057
2021-03-31,1.1725,1.107
2021-04-01,1.1746,1.1099
2021-04-06,1.1812,1.107
2021-04-07,1.1884,1.1044
2021-04-08,1.1873,1.1021
2021-04-09,1.1888,1.101
2021-04-12,1.1904,1.0998
2021-04-13,1.1896,1.1001
2021-04-14,1.1964,1.1033
2021-04-15,1.197,1.1046
2021-04-16,1.1986,1.1011
2021-04-19,1.2035,1.0998
2021-04-20,1.2051,1.1029
2021-04-21,1.2007,1.1026
2021-04-22,1.2046,1.1035
2021-04-23,1.2066,1.1038
2021-04-26,1.2085,1.1067
2021-04-27,1.2088,1.1038
2021-04-28,1.207,1.1044
2021-04-29,1.2129,1.102
2021-04-30,1.2082,1.0998
2021-05-03,1.2044,1.1016
2021-05-04,1.2021,1.098
2021-05-05,1.2005,1.0965
2021-05-06,1.206,1.0953
2021-05-07,1.2059,1.0963
2021-05-10,1.2169,1.0939
2021-05-11,1.217,1.0976
2021-05-12,1.2118,1.0966
2021-05-13,1.2081,1.096
2021-05-14,1.2123,1.0952
2021-05-17,1.2143,1.095
2021-05-18,1.2222,1.0963
2021-05-19,1.2212,1.1008
2021-05-20,1.2203,1.0991
2021-05-21,1.2188,1.0951
2021-05-24,1.2212,1.0957
2021-05-25,1.2264,1.0977
2021-05-26,1.2229,1.0958
2021-05-27,1.2198,1.0967
2021-05-28,1.2142,1.096
2021-05-31,1.2201,1.0982
2021-06-01,1.2225,1.0986
2021-06-02,1.2186,1.0982
2021-06-03,1.2187,1.0961
2021-06-04,1.2117,1.0951
2021-06-07,1.2162,1.0934
2021-06-08,1.2182,1.0914
2021-06-09,1.2195,1.0913
2021-06-10,1.2174,1.0909
2021-06-11,1.2125,1.0883
2021-06-14,1.2112,1.0889
2021-06-15,1.2108,1.0899
2021-06-16,1.2124,1.0896
2021-06-17,1.1937,1.0925
2021-06-18,1.1898,1.0941
2021-06-21,1.1891,1.0954
2021-06-22,1.1894,1.0943
2021-06-23,1.1951,1.0963
2021-06-24,1.1936,1.0967
2021-06-25,1.195,1.0956
2021-06-28,1.191,1.0969
2021-06-29,1.1888,1.0965
2021-06-30,1.1884,1.098
2021-07-01,1.1884,1.0985
2021-07-02,1.1823,1.0945
2021-07-05,1.1866,1.0935
2021-07-06,1.1838,1.093
2021-07-07,1.1831,1.0917
2021-07-08,1.1838,1.0851
2021-07-09,1.1858,1.0852
2021-07-12,1.1852,1.0852
2021-07-13,1.1844,1.0857
2021-07-14,1.1812,1.084
2021-07-15,1.1809,1.0828
2021-07-16,1.1802,1.0853
2021-07-19,1.1766,1.084
2021-07-20,1.1775,1.0838
2021-07-21,1.1772,1.0848
2021-07-22,1.1775,1.0829
2021-07-23,1.1767,1.0838
2021-07-26,1.1787,1.0826
2021-07-27,1.181,1.0806
2021-07-28,1.1807,1.0802
2021-07-29,1.1873,1.0788
2021-07-30,1.1891,1.0771
2021-08-02,1.1886,1.0761
2021-08-03,1.1885,1.0735
2021-08-04,1.1861,1.0729
2021-08-05,1.185,1.0733
2021-08-06,1.1807,1.0724
2021-08-09,1.1761,1.0786
2021-08-10,1.1722,1.0813
2021-08-11,1.1718,1.0818
2021-08-12,1.1739,1.0824
2021-08-13,1.1765,1.0829
2021-08-16,1.1772,1.0758
2021-08-17,1.1767,1.0713
2021-08-18,1.1723,1.0726
2021-08-19,1.1696,1.0723
2021-08-20,1.1671,1.0711
2021-08-23,1.1718,1.0744
2021-08-24,1.174,1.0711
2021-08-25,1.1736,1.0739
2021-08-26,1.1767,1.0789
2021-08-27,1.1761,1.0796
2021-08-30,1.1801,1.0798
2021-08-31,1.1834,1.0799
2021-09-01,1.1817,1.0845
2021-09-02,1.1846,1.0848
2021-09-03,1.1872,1.0863
2021-09-06,1.1864,1.0869
2021-09-07,1.186,1.0853
2021-09-08,1.1827,1.0888
2021-09-09,1.1838,1.0861
2021-09-10,1.1841,1.0854
2021-09-13,1.178,1.0873
2021-09-14,1.1814,1.0887
2021-09-15,1.1824,1.0845
2021-09-16,1.1763,1.0886
2021-09-17,1.178,1.0931
2021-09-20,1.1711,1.0883
2021-09-21,1.1738,1.0845
2021-09-22,1.1729,1.082
2021-09-23,1.1715,1.0831
2021-09-24,1.1719,1.083
2021-09-27,1.1698,1.085
2021-09-28,1.1678,1.084
2021-09-29,1.1654,1.0829
2021-09-30,1.1579,1.083
2021-10-01,1.16,1.0791
2021-10-04,1.1636,1.0768
2021-10-05,1.1602,1.0752
2021-10-06,1.1542,1.0715
2021-10-07,1.1562,1.0712
2021-10-08,1.1569,1.0734
2021-10-11,1.1574,1.0722
2021-10-12,1.1555,1.0729
2021-10-13,1.1562,1.0722
2021-10-14,1.1602,1.0686
2021-10-15,1.1602,1.0729
2021-10-18,1.1604,1.0712
2021-10-19,1.1655,1.0716
2021-10-20,1.1623,1.0739
2021-10-21,1.1637,1.069
2021-10-22,1.163,1.0668
2021-10-25,1.1603,1.0666
2021-10-26,1.1618,1.0684
2021-10-27,1.1617,1.067
2021-10-28,1.1593,1.0656
2021-10-29,1.1645,1.0611
2021-11-01,1.1578,1.0562
2021-11-02,1.1603,1.0594
2021-11-03,1.1578,1.0568
2021-11-04,1.1569,1.0554
2021-11-05,1.1519,1.0559
2021-11-08,1.1579,1.0591
2021-11-09,1.1577,1.0592
2021-11-10,1.1558,1.0555
2021-11-11,1.146,1.0561
2021-11-12,1.1448,1.0568
2021-11-15,1.1444,1.0533
2021-11-16,1.1368,1.0528
2021-11-17,1.1316,1.053
2021-11-18,1.1345,1.0511
2021-11-19,1.1271,1.0462
2021-11-22,1.1278,1.0454
2021-11-23,1.1259,1.0492
2021-11-24,1.1206,1.0484
2021-11-25,1.1223,1.048
2021-11-26,1.1291,1.0446
2021-11-29,1.1276,1.044
2021-11-30,1.1363,1.043
2021-12-01,1.1314,1.0427
2021-12-02,1.1339,1.0414
2021-12-03,1.1291,1.0387
2021-12-06,1.1287,1.0416
2021-12-07,1.1256,1.0414
2021-12-08,1.1299,1.0432
2021-12-09,1.1311,1.0446
2021-12-10,1.1273,1.0424
2021-12-13,1.1278,1.0418
2021-12-14,1.1309,1.0404
2021-12-15,1.1262,1.0416
2021-12-16,1.1336,1.0457
2021-12-17,1.133,1.0409
2021-12-20,1.1273,1.0408
2021-12-21,1.1295,1.0417
2021-12-22,1.1301,1.0432
2021-12-23,1.131,1.0413
2021-12-24,1.1317,1.0402
2021-12-27,1.1312,1.0396
2021-12-28,1.1331,1.0381
2021-12-29,1.1303,1.038
2021-12-30,1.1334,1.0363
2021-12-31,1.1326,1.0331
2022-01-03,1.1355,1.0372
2022-01-04,1.1279,1.0355
2022-01-05,1.1319,1.0364
2022-01-06,1.1315,1.0395
2022-01-07,1.1298,1.0422
2022-01-10,1.1318,1.0446
2022-01-11,1.1336,1.0502
2022-01-12,1.137,1.0486
2022-01-13,1.1463,1.0453
2022-01-14,1.1447,1.0429
2022-01-17,1.1403,1.0429
2022-01-18,1.1367,1.0414
2022-01-19,1.1345,1.0383
2022-01-20,1.1338,1.0382
2022-01-21,1.1348,1.0353
2022-01-24,1.1304,1.0308
2022-01-25,1.1268,1.0364
2022-01-26,1.1277,1.0386
2022-01-27,1.116,1.0391
2022-01-28,1.1138,1.0378
2022-01-31,1.1156,1.0404
2022-02-01,1.126,1.0374
2022-02-02,1.1323,1.0399
2022-02-03,1.1286,1.0407
2022-02-04,1.1464,1.0567
2022-02-07,1.1447,1.0571
2022-02-08,1.1408,1.0545
2022-02-09,1.1435,1.0555
2022-02-10,1.1439,1.0571
2022-02-11,1.1417,1.0557
2022-02-14,1.1316,1.0472
2022-02-15,1.1345,1.0483
2022-02-16,1.1372,1.0516
2022-02-17,1.137,1.0466
2022-02-18,1.1354,1.0452
2022-02-21,1.1338,1.0387
2022-02-22,1.1342,1.0422
2022-02-23,1.1344,1.0431
2022-02-24,1.1163,1.032
2022-02-25,1.1216,1.0398
2022-02-28,1.1199,1.0336
2022-03-01,1.1162,1.0247
2022-03-02,1.1106,1.0216
2022-03-03,1.1076,1.0192
2022-03-04,1.0929,1.0056
2022-03-07,1.0895,1.0069
2022-03-08,1.0892,1.0111
2022-03-09,1.0993,1.0198
2022-03-10,1.1084,1.027
2022-03-11,1.099,1.023
2022-03-14,1.096,1.0249
2022-03-15,1.0991,1.0322
2022-03-16,1.0994,1.0336
2022-03-17,1.1051,1.0385
2022-03-18,1.1008,1.0314
2022-03-21,1.1038,1.0278
2022-03-22,1.1024,1.0275
2022-03-23,1.0985,1.0269
2022-03-24,1.0978,1.0225
2022-03-25,1.1002,1.0207
2022-03-28,1.0966,1.0257
2022-03-29,1.1085,1.0362
2022-03-30,1.1126,1.0309
2022-03-31,1.1101,1.0267
2022-04-01,1.1052,1.0217
2022-04-04,1.1005,1.0203
2022-04-05,1.0969,1.0141
2022-04-06,1.0923,1.0187
2022-04-07,1.0916,1.0185
2022-04-08,1.0861,1.0155
2022-04-11,1.09,1.018
2022-04-12,1.0861,1.0131
2022-04-13,1.0826,1.0116
2022-04-14,1.0878,1.0189
2022-04-19,1.0803,1.0208
2022-04-20,1.083,1.0254
2022-04-21,1.0887,1.0335
2022-04-22,1.0817,1.0336
2022-04-25,1.0746,1.0267
2022-04-26,1.0674,1.0229
2022-04-27,1.0583,1.0229
2022-04-28,1.0485,1.0216
2022-04-29,1.054,1.0229
2022-05-02,1.0524,1.0253
2022-05-03,1.0556,1.0272
2022-05-04,1.0531,1.0324
2022-05-05,1.0568,1.0355
2022-05-06,1.057,1.0419
2022-05-09,1.0559,1.0462
2022-05-10,1.0554,1.0479
2022-05-11,1.0553,1.0446
2022-05-12,1.0408,1.0377
2022-05-13,1.0385,1.0385
2022-05-16,1.0422,1.0479
2022-05-17,1.0541,1.0457
2022-05-18,1.0523,1.0486
2022-05-19,1.0525,1.0265
2022-05-20,1.0577,1.028
2022-05-23,1.0659,1.031
2022-05-24,1.072,1.0334
2022-05-25,1.0656,1.0269
2022-05-26,1.0697,1.0283
2022-05-27,1.0722,1.0258
2022-05-30,1.0764,1.0327
2022-05-31,1.0713,1.0281
2022-06-01,1.0712,1.0305
2022-06-02,1.0692,1.0264
2022-06-03,1.073,1.0296
2022-06-06,1.0726,1.032
2022-06-07,1.0662,1.0423
2022-06-08,1.0739,1.0486
2022-06-09,1.0743,1.0495
2022-06-10,1.0578,1.0404
2022-06-13,1.0455,1.0375
2022-06-14,1.0452,1.0394
2022-06-15,1.0431,1.0435
2022-06-16,1.04,1.0142
2022-06-17,1.0486,1.0105
2022-06-20,1.0517,1.0162
2022-06-21,1.055,1.0214
2022-06-22,1.0521,1.0153
2022-06-23,1.0493,1.013
2022-06-24,1.0524,1.0072
2022-06-27,1.0572,1.0143
2022-06-28,1.0561,1.0101
2022-06-29,1.0517,1.0005
2022-06-30,1.0387,0.996
2022-07-01,1.0425,1.0027
2022-07-04,1.0455,1.0037
2022-07-05,1.029,0.9932
2022-07-06,1.0177,0.9896
2022-07-07,1.018,0.9906
2022-07-08,1.0163,0.9913
2022-07-11,1.0098,0.9908
2022-07-12,1.0042,0.9883
2022-07-13,1.0067,0.9829
2022-07-14,1.0005,0.9841
2022-07-15,1.0059,0.9849
2022-07-18,1.0131,0.9911
2022-07-19,1.0245,0.9918
2022-07-20,1.0199,0.9896
2022-07-21,1.0199,0.9924
2022-07-22,1.019,0.9832
2022-07-25,1.0236,0.9869
2022-07-26,1.0124,0.9765
2022-07-27,1.0152,0.9768
2022-07-28,1.0122,0.9745
2022-07-29,1.0198,0.9744
2022-08-01,1.0233,0.9717
2022-08-02,1.0224,0.9744
2022-08-03,1.0194,0.9773
2022-08-04,1.0181,0.9765
2022-08-05,1.0233,0.9776
2022-08-08,1.0199,0.9763
2022-08-09,1.0234,0.9763
2022-08-10,1.0252,0.9713
2022-08-11,1.0338,0.9712
2022-08-12,1.0285,0.9689
2022-08-15,1.0195,0.9631
2022-08-16,1.0131,0.9625
2022-08-17,1.0164,0.9686
2022-08-18,1.0178,0.9683
2022-08-19,1.0054,0.9616
2022-08-22,1.0001,0.958
2022-08-23,0.9927,0.9602
2022-08-24,0.9934,0.9576
2022-08-25,0.997,0.9616
2022-08-26,1.0007,0.9642
2022-08-29,0.9986,0.967
2022-08-30,1.0034,0.9741
2022-08-31,1,0.9796
2022-09-01,1.0004,0.9802
2022-09-02,0.9993,0.9839
2022-09-05,0.992,0.9747
2022-09-06,0.9928,0.9745
2022-09-07,0.9885,0.975
2022-09-08,1.0009,0.9739
2022-09-09,1.0049,0.9657
2022-09-12,1.0155,0.9667
2022-09-13,1.0175,0.9669
2022-09-14,0.999,0.9612
2022-09-15,0.9992,0.9572
2022-09-16,0.9954,0.9579
2022-09-19,0.999,0.9658
2022-09-20,0.9986,0.9644
2022-09-21,0.9906,0.9549
2022-09-22,0.9884,0.9684
2022-09-23,0.9754,0.9565
2022-09-26,0.9646,0.9555
2022-09-27,0.9644,0.9503
2022-09-28,0.9565,0.9437
2022-09-29,0.9706,0.9538
2022-09-30,0.9748,0.9561
2022-10-03,0.9764,0.9658
2022-10-04,0.9891,0.9767
2022-10-05,0.9915,0.9756
2022-10-06,0.986,0.9709
2022-10-07,0.9797,0.97
2022-10-10,0.9697,0.968
2022-10-11,0.9723,0.9675
2022-10-12,0.9706,0.9664
2022-10-13,0.9739,0.9725
2022-10-14,0.9717,0.9757
2022-10-17,0.9739,0.9762
2022-10-18,0.9835,0.9792
2022-10-19,0.9778,0.981
2022-10-20,0.9811,0.9836
2022-10-21,0.973,0.9855
2022-10-24,0.9851,0.9856
2022-10-25,0.9861,0.9888
2022-10-26,1.0023,0.9917
2022-10-27,1.0037,0.9949
2022-10-28,0.9951,0.992
2022-10-31,0.9914,0.9925
2022-11-01,0.9947,0.9878
2022-11-02,0.9908,0.9861
2022-11-03,0.9753,0.9889
2022-11-04,0.9872,0.9863
2022-11-07,0.9993,0.9874
2022-11-08,0.9996,0.9911
2022-11-09,1.0039,0.988
2022-11-10,0.9954,0.9834
2022-11-11,1.0308,0.9844
2022-11-14,1.0319,0.9751
2022-11-15,1.0404,0.979
2022-11-16,1.0412,0.9795
2022-11-17,1.0319,0.9818
2022-11-18,1.0366,0.9881
2022-11-21,1.0246,0.9817
2022-11-22,1.0274,0.9791
2022-11-23,1.0325,0.9795
2022-11-24,1.0413,0.9818
2022-11-25,1.0375,0.9836
2022-11-28,1.0463,0.9872
2022-11-29,1.0366,0.9862
2022-11-30,1.0376,0.9854
2022-12-01,1.0454,0.9868
2022-12-02,1.0538,0.9834
2022-12-05,1.0587,0.9893
2022-12-06,1.0516,0.9872
2022-12-07,1.0529,0.9893
2022-12-08,1.0519,0.9889
2022-12-09,1.0559,0.9856
2022-12-12,1.0562,0.9855
2022-12-13,1.0545,0.9869
2022-12-14,1.0649,0.9865
2022-12-15,1.0621,0.9862
2022-12-16,1.0619,0.9879
2022-12-19,1.0598,0.9884
2022-12-20,1.0599,0.9854
2022-12-21,1.0636,0.9836
2022-12-22,1.0633,0.9852
2022-12-23,1.0622,0.9867
2022-12-27,1.0624,0.9885
2022-12-28,1.064,0.9863
2022-12-29,1.0649,0.984
2022-12-30,1.0666,0.9847
2023-01-02,1.0683,0.9873
2023-01-03,1.0545,0.9879
2023-01-04,1.0599,0.9843
2023-01-05,1.0601,0.9839
2023-01-06,1.05,0.9864
2023-01-09,1.0696,0.9865
2023-01-10,1.0723,0.9908
2023-01-11,1.0747,0.9967
2023-01-12,1.0772,1.0056
2023-01-13,1.0814,1.0051
2023-01-16,1.0812,1.0026
2023-01-17,1.0843,0.9998
2023-01-18,1.0839,0.9906
2023-01-19,1.0815,0.9921
2023-01-20,1.0826,0.9962
2023-01-23,1.0871,1.0013
2023-01-24,1.0858,1.0053
2023-01-25,1.0878,1.002
2023-01-26,1.0895,1.0002
2023-01-27,1.0865,1.0017
2023-01-30,1.0903,1.0045
2023-01-31,1.0833,1.0032
2023-02-01,1.0894,0.998
2023-02-02,1.0988,0.9992
2023-02-03,1.0937,0.9989
2023-02-06,1.0776,0.9964
2023-02-07,1.07,0.9906
2023-02-08,1.0735,0.9881
2023-02-09,1.0771,0.989
2023-02-10,1.069,0.9872
2023-02-13,1.0686,0.9849
2023-02-14,1.0759,0.987
2023-02-15,1.07,0.9885
2023-02-16,1.07,0.9873
2023-02-17,1.0625,0.9896
2023-02-20,1.0674,0.9861
2023-02-21,1.0664,0.9853
2023-02-22,1.0644,0.987
2023-02-23,1.0616,0.9892
2023-02-24,1.057,0.9898
2023-02-27,1.0554,0.9929
2023-02-28,1.0619,0.9947
2023-03-01,1.0684,0.9997
2023-03-02,1.0605,0.9988
2023-03-03,1.0615,0.9958
2023-03-06,1.0646,0.9947
2023-03-07,1.0665,0.9959
2023-03-08,1.0545,0.9931
2023-03-09,1.0554,0.9911
2023-03-10,1.0586,0.9824
2023-03-13,1.0706,0.975
2023-03-14,1.0737,0.9784
2023-03-15,1.0549,0.9727
2023-03-16,1.0595,0.982
2023-03-17,1.0623,0.9858
2023-03-20,1.0717,0.9928
2023-03-21,1.0776,0.997
2023-03-22,1.0785,0.996
2023-03-23,1.0879,0.9969
2023-03-24,1.0745,0.9874
2023-03-27,1.0773,0.9875
2023-03-28,1.0841,0.9947
2023-03-29,1.0847,0.9973
2023-03-30,1.0886,0.9963
2023-03-31,1.0875,0.9968
2023-04-03,1.087,0.9949
2023-04-04,1.0901,0.9954
2023-04-05,1.094,0.9901
2023-04-06,1.0915,0.9878
2023-04-11,1.0905,0.9868
2023-04-12,1.0922,0.9853
2023-04-13,1.1015,0.9804
2023-04-14,1.1057,0.9827
2023-04-17,1.0981,0.9812
2023-04-18,1.0972,0.9831
2023-04-19,1.0933,0.9828
2023-04-20,1.0944,0.981
2023-04-21,1.0978,0.9795
2023-04-24,1.1002,0.98
2023-04-25,1.1022,0.9786
2023-04-26,1.1039,0.9824
2023-04-27,1.1042,0.9862
2023-04-28,1.0981,0.9839
2023-05-02,1.0965,0.9841
2023-05-03,1.1043,0.9809
2023-05-04,1.1074,0.9802
2023-05-05,1.1014,0.9828
2023-05-08,1.1037,0.9813
2023-05-09,1.0959,0.9788
2023-05-10,1.095,0.9771
2023-05-11,1.093,0.9758
2023-05-12,1.0892,0.9744
2023-05-15,1.0876,0.9747
2023-05-16,1.0881,0.9732
2023-05-17,1.0829,0.9746
2023-05-18,1.0813,0.9735
2023-05-19,1.0808,0.9738
2023-05-22,1.0822,0.97
2023-05-23,1.0779,0.9718
2023-05-24,1.0785,0.9732
2023-05-25,1.0735,0.9708
2023-05-26,1.0751,0.9707
2023-05-29,1.0715,0.9683
2023-05-30,1.0744,0.969
2023-05-31,1.0683,0.9724
2023-06-01,1.0697,0.9732
2023-06-02,1.0763,0.9758
2023-06-05,1.069,0.9732
2023-06-06,1.0683,0.9698
2023-06-07,1.0717,0.9704
2023-06-08,1.0737,0.9751
2023-06-09,1.078,0.9716
2023-06-12,1.0765,0.9751
2023-06-13,1.0793,0.9784
2023-06-14,1.0809,0.9751
2023-06-15,1.0819,0.9761
2023-06-16,1.0966,0.977
2023-06-19,1.0922,0.9772
2023-06-20,1.0933,0.9808
2023-06-21,1.0923,0.9803
2023-06-22,1.0985,0.9825
2023-06-23,1.0884,0.9773
2023-06-26,1.0918,0.9737
2023-06-27,1.0951,0.9789
2023-06-28,1.0938,0.9822
2023-06-29,1.0938,0.9783
2023-06-30,1.0866,0.9788
2023-07-03,1.0899,0.98
2023-07-04,1.0895,0.9762
2023-07-05,1.0879,0.9782
2023-07-06,1.0899,0.9757
2023-07-07,1.0888,0.9754
2023-07-10,1.0956,0.9753
2023-07-11,1.0989,0.9693
2023-07-12,1.1022,0.9683
2023-07-13,1.1182,0.9644
2023-07-14,1.1221,0.9649
2023-07-17,1.123,0.9652
2023-07-18,1.1255,0.9647
2023-07-19,1.1222,0.9628
2023-07-20,1.1197,0.9635
2023-07-21,1.1123,0.963
2023-07-24,1.1096,0.9595
2023-07-25,1.1051,0.9598
2023-07-26,1.1059,0.9549
2023-07-27,1.1125,0.9542
2023-07-28,1.101,0.9554
2023-07-31,1.1023,0.9619
2023-08-01,1.097,0.961
2023-08-02,1.0985,0.9642
2023-08-03,1.0932,0.9579
2023-08-04,1.0946,0.9598
2023-08-07,1.0984,0.9625
2023-08-08,1.0944,0.96
2023-08-09,1.0968,0.9627
2023-08-10,1.1019,0.9618
2023-08-11,1.1004,0.9617
2023-08-14,1.093,0.9608
2023-08-15,1.0926,0.9586
2023-08-16,1.0916,0.9605
2023-08-17,1.09,0.9555
2023-08-18,1.0867,0.9571
2023-08-21,1.0908,0.9588
2023-08-22,1.0887,0.9565
2023-08-23,1.0805,0.9524
2023-08-24,1.084,0.9562
2023-08-25,1.0808,0.9564
2023-08-28,1.0808,0.9559
2023-08-29,1.0803,0.9558
2023-08-30,1.0886,0.9568
2023-08-31,1.0868,0.9584
2023-09-01,1.0844,0.9574
2023-09-04,1.0801,0.9548
2023-09-05,1.0731,0.9548
2023-09-06,1.0745,0.9561
2023-09-07,1.071,0.9557
2023-09-08,1.0704,0.9543
2023-09-11,1.0724,0.956
2023-09-12,1.0713,0.9561
2023-09-13,1.0733,0.9589
2023-09-14,1.073,0.9588
2023-09-15,1.0658,0.9554
2023-09-18,1.0663,0.9564
2023-09-19,1.0713,0.9595
2023-09-20,1.0702,0.9601
2023-09-21,1.0635,0.9628
2023-09-22,1.0647,0.965
2023-09-25,1.0633,0.9676
2023-09-26,1.0605,0.9675
2023-09-27,1.0536,0.968
2023-09-28,1.0539,0.9678
2023-09-29,1.0594,0.9669
2023-10-02,1.053,0.9634
2023-10-03,1.0469,0.966
2023-10-04,1.0497,0.9634
2023-10-05,1.0526,0.9625
2023-10-06,1.0563,0.9629
2023-10-09,1.0531,0.9581
2023-10-10,1.0582,0.9589
2023-10-11,1.0604,0.9576
2023-10-12,1.0619,0.9566
2023-10-13,1.0524,0.9546
2023-10-16,1.0538,0.9505
2023-10-17,1.0569,0.9517
2023-10-18,1.0565,0.9492
2023-10-19,1.0558,0.947
2023-10-20,1.0591,0.9442
2023-10-23,1.0597,0.9461
2023-10-24,1.0632,0.9501
2023-10-25,1.0576,0.9474
2023-10-26,1.054,0.9466
2023-10-27,1.0541,0.9502
2023-10-30,1.0605,0.9564
2023-10-31,1.0619,0.9607
2023-11-01,1.0537,0.9572
2023-11-02,1.0661,0.9622
2023-11-03,1.0702,0.9625
2023-11-06,1.0741,0.9646
2023-11-07,1.0686,0.9626
2023-11-08,1.0671,0.9599
2023-11-09,1.0691,0.9637
2023-11-10,1.0683,0.9636
2023-11-13,1.067,0.9656
2023-11-14,1.0724,0.9668
2023-11-15,1.0868,0.964
2023-11-16,1.0849,0.9651
2023-11-17,1.0872,0.9643
2023-11-20,1.0928,0.9665
2023-11-21,1.0955,0.9673
2023-11-22,1.0911,0.964
2023-11-23,1.09,0.9644
2023-11-24,1.0916,0.964
2023-11-27,1.0951,0.964
2023-11-28,1.0949,0.9645
2023-11-29,1.0985,0.9628
2023-11-30,1.0931,0.9562
2023-12-01,1.0875,0.953
2023-12-04,1.0868,0.9476
2023-12-05,1.0817,0.9456
2023-12-06,1.0778,0.9429
2023-12-07,1.0771,0.9446
2023-12-08,1.0777,0.9438
2023-12-11,1.0757,0.9478
2023-12-12,1.0804,0.9443
2023-12-13,1.0787,0.9452
2023-12-14,1.0919,0.949
2023-12-15,1.0946,0.9488
2023-12-18,1.0918,0.948
2023-12-19,1.0962,0.947
2023-12-20,1.0944,0.946
2023-12-21,1.0983,0.9432
2023-12-22,1.1023,0.9417
2023-12-27,1.1065,0.9438
2023-12-28,1.1114,0.9302
2023-12-29,1.105,0.926
2024-01-02,1.0956,0.9305
2024-01-03,1.0919,0.9322
2024-01-04,1.0953,0.9313
2024-01-05,1.0921,0.932
2024-01-08,1.0946,0.9308
2024-01-09,1.094,0.9313
2024-01-10,1.0946,0.9336
2024-01-11,1.0987,0.9338
2024-01-12,1.0942,0.935
2024-01-15,1.0945,0.9351
2024-01-16,1.0882,0.9361
2024-01-17,1.0877,0.9406
2024-01-18,1.0875,0.9432
2024-01-19,1.0887,0.9459
2024-01-22,1.089,0.9458
2024-01-23,1.0872,0.9446
2024-01-24,1.0905,0.9415
2024-01-25,1.0893,0.942
2024-01-26,1.0871,0.9396
2024-01-29,1.0823,0.9339
2024-01-30,1.0846,0.9365
2024-01-31,1.0837,0.9348
2024-02-01,1.0814,0.9336
2024-02-02,1.0883,0.9315
2024-02-05,1.0746,0.9347
2024-02-06,1.0743,0.9366
2024-02-07,1.0776,0.9393
2024-02-08,1.0758,0.9409
2024-02-09,1.0772,0.9432
2024-02-12,1.0773,0.943
2024-02-13,1.0793,0.9481
2024-02-14,1.0713,0.9493
2024-02-15,1.0743,0.9484
2024-02-16,1.0768,0.9491
2024-02-19,1.0776,0.9492
2024-02-20,1.0802,0.9526
2024-02-21,1.0809,0.951
2024-02-22,1.0844,0.9535
2024-02-23,1.0834,0.9522
2024-02-26,1.0852,0.9546
2024-02-27,1.0856,0.9544
2024-02-28,1.0808,0.952
2024-02-29,1.0826,0.9534
2024-03-01,1.0813,0.9582
2024-03-04,1.0846,0.9604
2024-03-05,1.0849,0.9609
2024-03-06,1.0874,0.9619
2024-03-07,1.0895,0.9577
2024-03-08,1.0932,0.9588
2024-03-11,1.0926,0.9594
2024-03-12,1.0916,0.9588
2024-03-13,1.0939,0.9599
2024-03-14,1.0925,0.9616
2024-03-15,1.0892,0.9613
2024-03-18,1.0892,0.963
2024-03-19,1.0854,0.963
2024-03-20,1.0844,0.9658
2024-03-21,1.0907,0.9766
2024-03-22,1.0823,0.9729
2024-03-25,1.0835,0.9724
2024-03-26,1.0855,0.981
2024-03-27,1.0816,0.9811
2024-03-28,1.0811,0.9766
2024-04-02,1.0749,0.9765
2024-04-03,1.0783,0.9792
2024-04-04,1.0852,0.9846
2024-04-05,1.0841,0.9793
2024-04-08,1.0823,0.9807
2024-04-09,1.0867,0.9819
2024-04-10,1.086,0.981
2024-04-11,1.0729,0.9787
2024-04-12,1.0652,0.9716
2024-04-15,1.0656,0.9725
2024-04-16,1.0637,0.9712
2024-04-17,1.0638,0.9693
2024-04-18,1.0679,0.9704
2024-04-19,1.0653,0.968
2024-04-22,1.0632,0.9693
2024-04-23,1.0674,0.9724
2024-04-24,1.0686,0.9774
2024-04-25,1.072,0.9792
2024-04-26,1.0714,0.9779
2024-04-29,1.072,0.9776
2024-04-30,1.0718,0.9787
2024-05-02,1.0698,0.9759
2024-05-03,1.0744,0.9744
2024-05-06,1.0776,0.9754
2024-05-07,1.0766,0.977
2024-05-08,1.0743,0.977
2024-05-09,1.0732,0.976
2024-05-10,1.0779,0.9779
2024-05-13,1.0795,0.9784
2024-05-14,1.0796,0.9801
2024-05-15,1.0832,0.98
2024-05-16,1.0866,0.9822
2024-05-17,1.0844,0.9855
2024-05-20,1.0861,0.988
2024-05-21,1.0864,0.9884
2024-05-22,1.083,0.9905
2024-05-23,1.0854,0.9907
2024-05-24,1.084,0.9924
2024-05-27,1.0843,0.9922
2024-05-28,1.0882,0.9908
2024-05-29,1.0857,0.9907
2024-05-30,1.0815,0.9808
2024-05-31,1.0852,0.9818
2024-06-03,1.0842,0.9772
2024-06-04,1.0865,0.9703
2024-06-05,1.0872,0.9704
2024-06-06,1.0865,0.9687
2024-06-07,1.0898,0.9696
2024-06-10,1.0756,0.9637
2024-06-11,1.073,0.9622
2024-06-12,1.0765,0.9641
2024-06-13,1.0784,0.9668
2024-06-14,1.0686,0.9534
2024-06-17,1.0712,0.9561
2024-06-18,1.0715,0.9512
2024-06-19,1.0749,0.9506
2024-06-20,1.0719,0.9546
2024-06-21,1.0688,0.9537
2024-06-24,1.073,0.9586
2024-06-25,1.0714,0.9575
2024-06-26,1.0689,0.9585
2024-06-27,1.0696,0.9604
2024-06-28,1.0705,0.9634
2024-07-01,1.0745,0.9689
2024-07-02,1.0729,0.9697
2024-07-03,1.0758,0.9718
2024-07-04,1.08,0.9717
2024-07-05,1.0824,0.973
2024-07-08,1.0835,0.9711
2024-07-09,1.0814,0.9712
2024-07-10,1.0825,0.9723
2024-07-11,1.0855,0.9749
2024-07-12,1.089,0.9747
2024-07-15,1.0907,0.9755
2024-07-16,1.0902,0.9761
2024-07-17,1.0934,0.9693
2024-07-18,1.093,0.9666
2024-07-19,1.089,0.9688
2024-07-22,1.0888,0.9671
2024-07-23,1.086,0.9681
2024-07-24,1.0848,0.9609
2024-07-25,1.0851,0.9534
2024-07-26,1.086,0.9594
2024-07-29,1.0817,0.9578
2024-07-30,1.0824,0.9592
2024-07-31,1.0828,0.9533
2024-08-01,1.0789,0.9467
2024-08-02,1.0835,0.9433
2024-08-05,1.0966,0.9304
2024-08-06,1.0915,0.9325
2024-08-07,1.0922,0.9409
2024-08-08,1.093,0.9368
2024-08-09,1.0917,0.9435
2024-08-12,1.0925,0.9491
2024-08-13,1.0931,0.948
2024-08-14,1.1019,0.9515
2024-08-15,1.1011,0.9541
2024-08-16,1.0994,0.954
2024-08-19,1.1041,0.9543
2024-08-20,1.1084,0.9527
2024-08-21,1.1116,0.9503
2024-08-22,1.1135,0.949
2024-08-23,1.1121,0.9476
2024-08-26,1.1163,0.946
2024-08-27,1.1162,0.944
2024-08-28,1.1117,0.9375
2024-08-29,1.1088,0.9364
2024-08-30,1.1087,0.9416
2024-09-02,1.1061,0.9415
2024-09-03,1.1035,0.9409
2024-09-04,1.105,0.9396
2024-09-05,1.1097,0.939
2024-09-06,1.1103,0.9365
2024-09-09,1.1043,0.9376
2024-09-10,1.1031,0.9349
2024-09-11,1.1043,0.9358
2024-09-12,1.1016,0.9414
2024-09-13,1.1081,0.9387
2024-09-16,1.1126,0.9394
2024-09-17,1.1139,0.9405
2024-09-18,1.1124,0.9388
2024-09-19,1.1156,0.946
2024-09-20,1.1166,0.9486
2024-09-23,1.1119,0.9448
2024-09-24,1.1133,0.9439
2024-09-25,1.1194,0.9495
2024-09-26,1.1155,0.9452
2024-09-27,1.1158,0.942
2024-09-30,1.1196,0.9439
2024-10-01,1.1086,0.9394
2024-10-02,1.1071,0.9388
2024-10-03,1.1039,0.9387
2024-10-04,1.1029,0.9394
2024-10-07,1.0982,0.9388
2024-10-08,1.0982,0.941
2024-10-09,1.0957,0.9397
2024-10-10,1.0932,0.9393
2024-10-11,1.0938,0.9378
2024-10-14,1.0915,0.9409
2024-10-15,1.0903,0.9401
2024-10-16,1.0897,0.9397
2024-10-17,1.0866,0.938
2024-10-18,1.0847,0.9401
2024-10-21,1.0853,0.938
2024-10-22,1.0821,0.9365
2024-10-23,1.0767,0.934
2024-10-24,1.0801,0.9349
2024-10-25,1.0825,0.9382
2024-10-28,1.0818,0.9367
2024-10-29,1.0774,0.9369
2024-10-30,1.0815,0.9393
2024-10-31,1.0882,0.9412
2024-11-01,1.0885,0.9427
2024-11-04,1.0904,0.941
2024-11-05,1.0897,0.9402
2024-11-06,1.0695,0.9368
2024-11-07,1.0785,0.9432
2024-11-08,1.0772,0.9393
2024-11-11,1.0651,0.9369
2024-11-12,1.0617,0.9354
2024-11-13,1.0629,0.9379
2024-11-14,1.0533,0.9369
2024-11-15,1.0583,0.9389
2024-11-18,1.0552,0.9364
2024-11-19,1.0578,0.9329
2024-11-20,1.0562,0.9342
2024-11-21,1.0526,0.9294
2024-11-22,1.0412,0.9272
2024-11-25,1.0495,0.9324
2024-11-26,1.0522,0.9314
2024-11-27,1.0531,0.9309
2024-11-28,1.0542,0.9314
2024-11-29,1.0562,0.9309
2024-12-02,1.0507,0.9316
2024-12-03,1.0512,0.9309
2024-12-04,1.0492,0.9305
2024-12-05,1.054,0.9305
2024-12-06,1.0581,0.9284
2024-12-09,1.0568,0.9295
2024-12-10,1.0527,0.9267
2024-12-11,1.0507,0.928
2024-12-12,1.0491,0.9319
2024-12-13,1.0518,0.9385
2024-12-16,1.0498,0.9372
2024-12-17,1.0497,0.9413
2024-12-18,1.0496,0.9382
2024-12-19,1.0395,0.9319
2024-12-20,1.039,0.9297
2024-12-23,1.0393,0.9336
2024-12-24,1.0395,0.9358
2024-12-27,1.0435,0.9396
2024-12-30,1.0444,0.9435
2024-12-31,1.0389,0.9412
2025-01-02,1.0321,0.9371
2025-01-03,1.0299,0.9362
2025-01-06,1.0426,0.9396
2025-01-07,1.0393,0.9426
2025-01-08,1.0286,0.9379
2025-01-09,1.0305,0.9397
2025-01-10,1.0304,0.9416
2025-01-13,1.0198,0.9346
2025-01-14,1.0245,0.9395
2025-01-15,1.03,0.9394
2025-01-16,1.0272,0.9376
2025-01-17,1.0298,0.9394
2025-01-20,1.0316,0.9429
2025-01-21,1.0357,0.9427
2025-01-22,1.0443,0.9449
2025-01-23,1.0404,0.9442
2025-01-24,1.0472,0.9494
2025-01-27,1.053,0.9453
2025-01-28,1.0421,0.9441
2025-01-29,1.0396,0.943
2025-01-30,1.0403,0.9441
2025-01-31,1.0393,0.9449
2025-02-03,1.0274,0.9393
2025-02-04,1.0335,0.9396
2025-02-05,1.0422,0.9395
2025-02-06,1.036,0.9385
2025-02-07,1.0377,0.9418
2025-02-10,1.032,0.9396
2025-02-11,1.0324,0.9429
2025-02-12,1.037,0.9457
2025-02-13,1.039,0.9421
2025-02-14,1.0478,0.9442
2025-02-17,1.0473,0.944
2025-02-18,1.0447,0.9425
2025-02-19,1.0434,0.9435
2025-02-20,1.0443,0.9423
2025-02-21,1.0465,0.942
2025-02-24,1.0466,0.9415
2025-02-25,1.0497,0.9386
2025-02-26,1.0487,0.9392
2025-02-27,1.0477,0.9407
2025-02-28,1.0411,0.9394
2025-03-03,1.0465,0.9428
2025-03-04,1.0557,0.9371
2025-03-05,1.0694,0.9514
2025-03-06,1.0796,0.9565
2025-03-07,1.0857,0.9557
2025-03-10,1.0845,0.9512
2025-03-11,1.0912,0.9608
2025-03-12,1.0886,0.9619
2025-03-13,1.083,0.9579
2025-03-14,1.0889,0.9641
2025-03-17,1.0903,0.9616
2025-03-18,1.0918,0.9601
2025-03-19,1.0897,0.9583
2025-03-20,1.0833,0.9564
2025-03-21,1.0827,0.9547
2025-03-24,1.0824,0.9544
2025-03-25,1.0825,0.9539
2025-03-26,1.0788,0.9532
2025-03-27,1.0785,0.9524
2025-03-28,1.0797,0.9525
2025-03-31,1.0815,0.9531
2025-04-01,1.0788,0.952
2025-04-02,1.0803,0.9543
2025-04-03,1.1097,0.9538
2025-04-04,1.1057,0.9407
2025-04-07,1.0967,0.9377
2025-04-08,1.095,0.9349
2025-04-09,1.1045,0.9278
2025-04-10,1.1082,0.9299
2025-04-11,1.1346,0.9252
2025-04-14,1.1377,0.9329
2025-04-15,1.1324,0.9242
2025-04-16,1.1355,0.926
2025-04-17,1.136,0.9291
2025-04-22,1.1476,0.9318
2025-04-23,1.1415,0.9382
2025-04-24,1.1376,0.9392
2025-04-25,1.1357,0.9421
2025-04-28,1.1358,0.942
2025-04-29,1.1373,0.9392
2025-04-30,1.1373,0.9389
2025-05-02,1.1343,0.9343
2025-05-05,1.1343,0.9336
2025-05-06,1.1325,0.9346
2025-05-07,1.136,0.9359
2025-05-08,1.1297,0.9325
2025-05-09,1.1252,0.9353
2025-05-12,1.1106,0.9369
2025-05-13,1.1112,0.9358
2025-05-14,1.1214,0.939
2025-05-15,1.1185,0.9377
2025-05-16,1.1194,0.9381
2025-05-19,1.1262,0.9394
2025-05-20,1.1241,0.9366
2025-05-21,1.1321,0.9352
2025-05-22,1.1309,0.9343
2025-05-23,1.1301,0.9299
2025-05-26,1.1381,0.9356
2025-05-27,1.1356,0.9386
2025-05-28,1.1317,0.9364
2025-05-29,1.1281,0.9339
2025-05-30,1.1339,0.9341
2025-06-02,1.1419,0.9336
2025-06-03,1.1386,0.9358
2025-06-04,1.1384,0.937
2025-06-05,1.1423,0.9365
2025-06-06,1.1411,0.9383
2025-06-09,1.141,0.9369
2025-06-10,1.1429,0.9389
2025-06-11,1.1433,0.9405
2025-06-12,1.1594,0.9427
2025-06-13,1.1512,0.9359
2025-06-16,1.1574,0.9393
2025-06-17,1.1568,0.9406
2025-06-18,1.1508,0.9403
2025-06-19,1.1478,0.9389
2025-06-20,1.1515,0.9415
2025-06-23,1.1472,0.9387
2025-06-24,1.1607,0.9387
2025-06-25,1.1598,0.9361
2025-06-26,1.1695,0.9379
2025-06-27,1.1704,0.9359
2025-06-30,1.172,0.9347
2025-07-01,1.181,0.9324
2025-07-02,1.1755,0.933
2025-07-03,1.1782,0.9351
2025-07-04,1.1767,0.9346
2025-07-07,1.1728,0.9354
2025-07-08,1.1718,0.9351
2025-07-09,1.1698,0.9325
2025-07-10,1.1709,0.932
2025-07-11,1.1683,0.931
2025-07-14,1.169,0.9307
2025-07-15,1.1665,0.9299
2025-07-16,1.1602,0.9326
2025-07-17,1.1579,0.9323
2025-07-18,1.165,0.9324
2025-07-21,1.1667,0.9325
2025-07-22,1.1699,0.9326
2025-07-23,1.1726,0.9306
2025-07-24,1.1756,0.9341
2025-07-25,1.1724,0.9343
2025-07-28,1.1654,0.9334
2025-07-29,1.1533,0.9305
2025-07-30,1.1527,0.9301
2025-07-31,1.1446,0.9297
2025-08-01,1.1404,0.9312
2025-08-04,1.1565,0.9344
2025-08-05,1.1546,0.9347
2025-08-06,1.1604,0.9369
2025-08-07,1.1643,0.9413
2025-08-08,1.1648,0.941
2025-08-11,1.1622,0.943
2025-08-12,1.1606,0.9418
2025-08-13,1.1711,0.9409
2025-08-14,1.169,0.9415
2025-08-15,1.1688,0.9418
2025-08-18,1.1673,0.9423
2025-08-19,1.1682,0.9409
2025-08-20,1.1651,0.9403
2025-08-21,1.1639,0.9389
2025-08-22,1.1608,0.9383
2025-08-25,1.1697,0.9385
2025-08-26,1.1656,0.9376
2025-08-27,1.1593,0.935
2025-08-28,1.1676,0.9353
2025-08-29,1.1658,0.9364
2025-09-01,1.1715,0.9383
2025-09-02,1.1646,0.9366
2025-09-03,1.1653,0.9374
2025-09-04,1.1647,0.9383
2025-09-05,1.1697,0.939
2025-09-08,1.1728,0.9328
2025-09-09,1.1744,0.9331
2025-09-10,1.1707,0.9338
2025-09-11,1.1685,0.9346
2025-09-12,1.1718,0.9347
2025-09-15,1.1766,0.9353
2025-09-16,1.1807,0.9336
2025-09-17,1.1837,0.9317
2025-09-18,1.1818,0.9331
2025-09-19,1.1736,0.9344
2025-09-22,1.1781,0.9348
2025-09-23,1.1793,0.9344
2025-09-24,1.1756,0.9335
2025-09-25,1.1739,0.9344
2025-09-26,1.1672,0.9332
2025-09-29,1.1723,0.9357
2025-09-30,1.1741,0.9364
2025-10-01,1.1724,0.9365
2025-10-02,1.1754,0.935
2025-10-03,1.1734,0.9343
2025-10-06,1.1678,0.9314
2025-10-07,1.1666,0.9314
2025-10-08,1.1627,0.9305
2025-10-09,1.1611,0.9309
2025-10-10,1.1568,0.9324
2025-10-13,1.1569,0.9304
2025-10-14,1.1553,0.9296
2025-10-15,1.1622,0.9305
2025-10-16,1.1649,0.9302
2025-10-17,1.1681,0.9257
2025-10-20,1.1655,0.9239
2025-10-21,1.1607,0.923
2025-10-22,1.1587,0.9228
2025-10-23,1.1593,0.9249
2025-10-24,1.1612,0.9248
2025-10-27,1.164,0.9264
2025-10-28,1.163,0.9262
2025-10-29,1.1636,0.9278
2025-10-30,1.155,0.9281
2025-10-31,1.1554,0.9287
2025-11-03,1.1514,0.9298
2025-11-04,1.1491,0.9295
2025-11-05,1.1492,0.9307
2025-11-06,1.1533,0.9316
2025-11-07,1.1561,0.9312
2025-11-10,1.1571,0.9318
2025-11-11,1.1575,0.9278
2025-11-12,1.1576,0.925
2025-11-13,1.1619,0.9244
2025-11-14,1.1648,0.9185
2025-11-17,1.1593,0.9225
2025-11-18,1.159,0.9233
2025-11-19,1.1583,0.9284
2025-11-20,1.1514,0.9294
2025-11-21,1.152,0.9289
2025-11-24,1.1544,0.9324
2025-11-25,1.1551,0.9345
2025-11-26,1.1577,0.9341
2025-11-27,1.1586,0.9337
2025-11-28,1.1566,0.9318
2025-12-01,1.1646,0.9323
2025-12-02,1.1614,0.9346
2025-12-03,1.1668,0.9336
2025-12-04,1.1666,0.934
2025-12-05,1.1645,0.9365
2025-12-08,1.1655,0.9388
2025-12-09,1.1637,0.9385
2025-12-10,1.1634,0.9356
2025-12-11,1.1714,0.9333
2025-12-12,1.1731,0.9333
2025-12-15,1.1753,0.9355
2025-12-16,1.1776,0.9351
2025-12-17,1.1722,0.9332
2025-12-18,1.1719,0.9316
2025-12-19,1.1712,0.9318
2025-12-22,1.1745,0.9316
2025-12-23,1.1786,0.9287
2025-12-24,1.1787,0.9284
2025-12-29,1.1766,0.9293
2025-12-30,1.1757,0.9293
2025-12-31,1.175,0.9314
2026-01-02,1.1721,0.9296
2026-01-05,1.1664,0.9289
2026-01-06,1.1707,0.9287
2026-01-07,1.1684,0.9304
2026-01-08,1.1675,0.9312
2026-01-09,1.1642,0.9314
2026-01-12,1.1692,0.9313
2026-01-13,1.1654,0.9311
2026-01-14,1.1651,0.9333
2026-01-15,1.1624,0.9314
2026-01-16,1.1617,0.9313
2026-01-19,1.1631,0.9282
2026-01-20,1.1728,0.9268
2026-01-21,1.1739,0.9268
2026-01-22,1.1706,0.9283
2026-01-23,1.1742,0.9277
2026-01-26,1.1836,0.9223
2026-01-27,1.1929,0.9197
2026-01-28,1.1974,0.9188
2026-01-29,1.1968,0.9182
2026-01-30,1.1919,0.9157
2026-02-02,1.184,0.9199
2026-02-03,1.1801,0.9173
2026-02-04,1.182,0.9168
2026-02-05,1.1798,0.9161
2026-02-06,1.1794,0.9175
2026-02-09,1.1886,0.915
2026-02-10,1.1894,0.9123
2026-02-11,1.19,0.9136
2026-02-12,1.1874,0.9142
2026-02-13,1.1862,0.9121
2026-02-16,1.1855,0.9129
2026-02-17,1.1826,0.9116
2026-02-18,1.1845,0.9124
2026-02-19,1.1753,0.9119
2026-02-20,1.1767,0.9132
2026-02-23,1.1784,0.9145
2026-02-24,1.1777,0.912
2026-02-25,1.1784,0.913
2026-02-26,1.1814,0.914
2026-02-27,1.1805,0.9104
2026-03-02,1.1698,0.9117
2026-03-03,1.1606,0.9107
2026-03-04,1.1649,0.9082
2026-03-05,1.1618,0.9064
2026-03-06,1.1561,0.9045
2026-03-09,1.1555,0.9008
2026-03-10,1.1641,0.9027
2026-03-11,1.1581,0.9031
2026-03-12,1.1547,0.9028
2026-03-13,1.1476,0.9034
2026-03-16,1.1478,0.9041
2026-03-17,1.1531,0.9068
2026-03-18,1.15,0.9073
2026-03-19,1.1489,0.9121
2026-03-20,1.1555,0.9096
2026-03-23,1.1596,0.9124
2026-03-24,1.1572,0.9145
2026-03-25,1.1592,0.9153
2026-03-26,1.1539,0.9151
2026-03-27,1.1517,0.9178
2026-03-30,1.1484,0.9187
2026-03-31,1.1498,0.9194
2026-04-01,1.1605,0.9191
2026-04-02,1.1525,0.9213
2026-04-07,1.1557,0.9242
2026-04-08,1.1706,0.9223
2026-04-09,1.1685,0.924
2026-04-10,1.1711,0.9241
2026-04-13,1.1684,0.9242
2026-04-14,1.1793,0.921
2026-04-15,1.178,0.922
2026-04-16,1.1782,0.923
2026-04-17,1.1797,0.9231
2026-04-20,1.176,0.9189
2026-04-21,1.1767,0.9172
2026-04-22,1.1733,0.9175
2026-04-23,1.1694,0.9177
2026-04-24,1.1712,0.9199
2026-04-27,1.1749,0.921
2026-04-28,1.168,0.9238
2026-04-29,1.1706,0.9236
2026-04-30,1.1702,0.919
2026-05-04,1.17,0.9173
2026-05-05,1.1686,0.9165
2026-05-06,1.1762,0.9165
2026-05-07,1.177,0.9157
2026-05-08,1.1761,0.9156
2026-05-11,1.1765,0.9163
2026-05-12,1.1738,0.9172
2026-05-13,1.1715,0.9155
2026-05-14,1.1702,0.915
2026-05-15,1.1628,0.9144
2026-05-18,1.1648,0.9144
2026-05-19,1.162,0.915
2026-05-20,1.16,0.9165
2026-05-21,1.1599,0.9145
2026-05-22,1.1595,0.9119
2026-05-25,1.1643,0.9099
2026-05-26,1.1634,0.9136
2026-05-27,1.1637,0.9153
2026-05-28,1.1617,0.9167
2026-05-29,1.1644,0.9111
2026-06-01,1.1646,0.9128
2026-06-02,1.1649,0.9149
2026-06-03,1.1614,0.9167
2026-06-04,1.164,0.9168
2026-06-05,1.164,0.9175
2026-06-08,1.154,0.9187
2026-06-09,1.1573,0.9206
2026-06-10,1.1539,0.9222
2026-06-11,1.1537,0.9221
2026-06-12,1.1567,0.9217
2026-06-15,1.1607,0.9212
2026-06-16,1.1594,0.9224
2026-06-17,1.1591,0.9193
2026-06-18,1.1461,0.9218
2026-06-19,1.1467,0.9248
2026-06-22,1.1456,0.9257
2026-06-23,1.1392,0.9225
2026-06-24,1.134,0.9216
2026-06-25,1.1342,0.9223
2026-06-26,1.1401,0.9218
2026-06-29,1.1406,0.9222
2026-06-30,1.1394,0.9224
2026-07-01,1.1383,0.9234
2026-07-02,1.1399,0.92
2026-07-03,1.1448,0.919
2026-07-06,1.1415,0.9201
2026-07-07,1.1433,0.9218
2026-07-08,1.1404,0.9222
2026-07-09,1.1435,0.9227
2026-07-10,1.143,0.9223
2026-07-13,1.1424,0.9253
2026-07-14,1.1405,0.9257
2026-07-15,1.1406,0.9256
2026-07-16,1.1467,0.925
2026-07-17,1.1435,0.9228
2026-07-20,1.1426,0.9236
2026-07-21,1.1418,0.9259
2026-07-22,1.1408,0.9268
2026-07-23,1.1392,0.9295
2026-07-24,1.1377,0.9302
2026-07-27,1.1389,0.9284
2026-07-28,1.1367,0.9319
2026-07-29,1.138,0.9332
2026-07-30,1.1476,0.9324
2026-07-31,1.1485,0.9304
2026-08-03,1.1535,0.932
2026-08-04,1.1515,0.9319
2026-08-05,1.1554,0.9345
2026-08-06,1.1542,0.9346
2026-08-07,1.1535,0.9347
2026-08-10,1.1555,0.934
2026-08-11,1.154,0.9351
2026-08-12,1.1545,0.9366
2026-08-13,1.1534,0.9373
2026-08-14,1.1567,0.939
2026-08-17,1.1593,0.9389
2026-08-18,1.1576,0.9406
2026-08-19,1.1605,0.9402
2026-08-20,1.1681,0.9333
2026-08-21,1.1699,0.9353
2026-08-24,1.1664,0.9362
2026-08-25,1.1662,0.9361
2026-08-26,1.1669,0.938
2026-08-27,1.1645,0.9376
2026-08-28,1.1643,0.9364
2026-08-31,1.1596,0.9376
2026-09-01,1.159,0.9394
2026-09-02,1.1578,0.9424
2026-09-03,1.1615,0.939
2026-09-04,1.1622,0.9405
2026-09-07,1.1622,0.9405
2026-09-08,1.1614,0.9425
2026-09-09,1.1652,0.9404
2026-09-10,1.1616,0.9432
2026-09-11,1.1592,0.9451
2026-09-14,1.1551,0.9431
2026-09-15,1.1539,0.9441
2026-09-16,1.1537,0.9449
2026-09-17,1.1481,0.9466
2026-09-18,1.146,0.9462
2026-09-21,1.149,0.9438
2026-09-22,1.1463,0.9393
2026-09-23,1.1411,0.939
2026-09-24,1.1367,0.9409
2026-09-25,1.1403,0.9445
2026-09-28,1.1378,0.9464
2026-09-29,1.1355,0.9461
2026-09-30,1.1355,0.9478
2026-10-01,1.1298,0.9437
